Company,date,Adjusted,return
AAPL,2022-01-03,2.459978074772154,1
AAPL,2022-01-04,2.428756843773319,0.9873083295664224
AAPL,2022-01-05,2.364151623640678,0.9610458108898586
AAPL,2022-01-06,2.324686423127552,0.9450029034680999
AAPL,2022-01-07,2.326984170237027,0.9459369553334557
AAPL,2022-01-10,2.327254357796242,0.9460467886535107
AAPL,2022-01-11,2.36631438177565,0.9619249886992675
AAPL,2022-01-12,2.3723966412060133,0.9643974739188469
AAPL,2022-01-13,2.327254357796242,0.9460467886535107
AAPL,2022-01-14,2.3391482698773363,0.9508817553562916
AAPL,2022-01-18,2.2949519573401305,0.9329156145233903
AAPL,2022-01-19,2.2467013641432394,0.9133013774325333
AAPL,2022-01-20,2.2234545439301074,0.903851366291566
AAPL,2022-01-21,2.195071435159178,0.8923134143634546
AAPL,2022-01-24,2.1843945199506996,0.8879731662458092
AAPL,2022-01-25,2.1595253167210258,0.8778636439355435
AAPL,2022-01-26,2.1583091582892453,0.8773692661830536
AAPL,2022-01-27,2.151956920909876,0.8747870328515807
AAPL,2022-01-28,2.302115176617562,0.9358275182313512
AAPL,2022-01-31,2.3622598915057558,0.9602768072331503
AAPL,2022-02-01,2.3599623540064893,0.959342840575956
AAPL,2022-02-02,2.3765861204504106,0.966100529440911
AAPL,2022-02-03,2.336850313157652,0.9499476182827743
AAPL,2022-02-04,2.3329259908274573,0.9483523510848916
AAPL,2022-02-07,2.3230470616840924,0.9443364904377272
AAPL,2022-02-08,2.3659463062488997,0.961775363167835
AAPL,2022-02-09,2.3855691755611264,0.9697522104062171
AAPL,2022-02-10,2.3292720656666863,0.9468670024152254
AAPL,2022-02-11,2.2821778919920517,0.9277228587508569
AAPL,2022-02-14,2.285425802178269,0.9290431592118755
AAPL,2022-02-15,2.3383391744711535,0.9505528518532562
AAPL,2022-02-16,2.3350912642849355,0.9492325513922373
AAPL,2022-02-17,2.285425802178269,0.9290431592118755
AAPL,2022-02-18,2.2640436743831174,0.9203511598747952
AAPL,2022-02-22,2.2237161374707592,0.9039577060770034
AAPL,2022-02-23,2.1662014018730766,0.8805775238763918
AAPL,2022-02-24,2.202334428896025,0.8952658771562457
AAPL,2022-02-25,2.2308885795973805,0.9068733589440663
AAPL,2022-02-28,2.234542085537734,0.9083585371974098
AAPL,2022-03-01,2.2085590136582014,0.8977962187174212
AAPL,2022-03-02,2.2540295466550404,0.9162803399635224
AAPL,2022-03-03,2.249563591545163,0.9144648948765611
AAPL,2022-03-04,2.2081536275142746,0.8976314261332579
AAPL,2022-03-07,2.1557812591704466,0.8763416557564716
AAPL,2022-03-08,2.1306097980196026,0.8661092632774552
AAPL,2022-03-09,2.2051759048872714,0.8964209589922941
AAPL,2022-03-10,2.145225498662687,0.8720506579561204
AAPL,2022-03-11,2.0939363958782247,0.8512012433574911
AAPL,2022-03-14,2.038316117348179,0.8285911725196862
AAPL,2022-03-15,2.098807737132029,0.8531814810286158
AAPL,2022-03-16,2.1597055815006416,0.8779369229543544
AAPL,2022-03-17,2.1736446603895394,0.883603265687994
AAPL,2022-03-18,2.219114774165961,0.9020872165177725
AAPL,2022-03-21,2.2380606025035843,0.9097888413948064
AAPL,2022-03-22,2.2846137722291626,0.9287130627945805
AAPL,2022-03-23,2.303424401982074,0.9363597284075063
AAPL,2022-03-24,2.3556611525207725,0.9575943691038615
AAPL,2022-03-25,2.364457864155816,0.961170300013676
AAPL,2022-03-28,2.376366239341321,0.9660111460795938
AAPL,2022-03-29,2.42183677233816,0.9844952673256949
AAPL,2022-03-30,2.405732839212201,0.9779488947010322
AAPL,2022-03-31,2.3629690028423145,0.9605650664431941
AAPL,2022-04-01,2.358909272317199,0.9589147547730418
AAPL,2022-04-04,2.4147995287962507,0.9816345737227403
AAPL,2022-04-05,2.3690585986299877,0.9630405339484226
AAPL,2022-04-06,2.3253477433364913,0.9452717352173425
AAPL,2022-04-07,2.3295426724463186,0.9469770061516031
AAPL,2022-04-08,2.301800132473652,0.9356994503647549
AAPL,2022-04-11,2.243067980782936,0.911824379162685
AAPL,2022-04-12,2.268915854077757,0.9223317383785654
AAPL,2022-04-13,2.305995690414106,0.9374049769234998
AAPL,2022-04-14,2.236842976800342,0.9092938671851867
AAPL,2022-04-18,2.2338658830039657,0.9080836556687072
AAPL,2022-04-19,2.2653971275016977,0.9209013489730072
AAPL,2022-04-20,2.2630962362390896,0.9199660189852303
AAPL,2022-04-21,2.2521350895874033,0.9155102286007158
AAPL,2022-04-22,2.1894777771256573,0.8900395493681176
AAPL,2022-04-25,2.204228885963662,0.8960359885190523
AAPL,2022-04-26,2.1219493330203156,0.8625887176725562
AAPL,2022-04-27,2.118836411808601,0.8613232912674842
AAPL,2022-04-28,2.21451383008158,0.9002168973748642
AAPL,2022-04-29,2.133452112451685,0.8672646859461494
AAPL,2022-05-02,2.137647251171721,0.8689700420885713
AAPL,2022-05-03,2.15821672018714,0.8773316893838725
AAPL,2022-05-04,2.246721905943707,0.9133097278323512
AAPL,2022-05-05,2.1215431084355534,0.8624235842557472
AAPL,2022-05-06,2.13157190887825,0.8665003687383185
AAPL,2022-05-09,2.06082678650781,0.8377419325977881
AAPL,2022-05-10,2.0940309300824187,0.8512396722382862
AAPL,2022-05-11,1.9854738029160972,0.807110365445023
AAPL,2022-05-12,1.9320760214305477,0.7854037567426283
AAPL,2022-05-13,1.9937408295533625,0.8104709753309591
AAPL,2022-05-16,1.9724630876422204,0.8018214096582599
AAPL,2022-05-17,2.0226081379067486,0.8222057581119234
AAPL,2022-05-18,1.9084942441036647,0.775817582959731
AAPL,2022-05-19,1.8614663072550286,0.7567003650743676
AAPL,2022-05-20,1.8647188288658412,0.7580225401149373
AAPL,2022-05-23,1.9395297604574533,0.7884337589623008
AAPL,2022-05-24,1.90226022688209,0.7732834070312923
AAPL,2022-05-25,1.9044282252722837,0.7741647150447364
AAPL,2022-05-26,1.9486102843152873,0.7921250617226618
AAPL,2022-05-27,2.0280294963485903,0.824409581998583
AAPL,2022-05-31,2.017187198685325,0.8200021046415868
AAPL,2022-06-01,2.0154254248798935,0.8192859300449516
AAPL,2022-06-02,2.049307447869941,0.8330592328794436
AAPL,2022-06-03,1.9702944604214003,0.8009398460203315
AAPL,2022-06-06,1.980595125304983,0.8051271454882492
AAPL,2022-06-07,2.0154254248798935,0.8192859300449516
AAPL,2022-06-08,2.005260797021858,0.8151539306737877
AAPL,2022-06-09,1.9331605446511666,0.7858446237697538
AAPL,2022-06-10,1.8584848116442663,0.7554883641864985
AAPL,2022-06-13,1.7873330454686465,0.7265646242128363
AAPL,2022-06-14,1.7992592375219043,0.7314127129724739
AAPL,2022-06-15,1.8354446670970663,0.7461223682926797
AAPL,2022-06-16,1.7626671641415623,0.7165377538191363
AAPL,2022-06-17,1.782996000637215,0.724801582145141
AAPL,2022-06-21,1.8414082871492172,0.7485466256929021
AAPL,2022-06-22,1.8343609823172828,0.7456818420981999
AAPL,2022-06-23,1.8739351801390134,0.7617690577638907
AAPL,2022-06-24,1.9198783841568219,0.7804453234139672
AAPL,2022-06-27,1.9198783841568219,0.7804453234139672
AAPL,2022-06-28,1.862686448280777,0.7571963617819242
AAPL,2022-06-29,1.8869454761924724,0.767057843134331
AAPL,2022-06-30,1.852928045007504,0.7532294958275694
AAPL,2022-07-01,1.8828796669713002,0.7654050604274978
AAPL,2022-07-05,1.9185232541565704,0.7798944526504638
AAPL,2022-07-06,1.936954908651871,0.7873870619075636
AAPL,2022-07-07,1.9834410031106156,0.8062840166956872
AAPL,2022-07-08,1.9927919241378733,0.8100852379842646
AAPL,2022-07-11,1.9633827733945954,0.7981301921060603
AAPL,2022-07-12,1.976800132473652,0.8035844517259552
AAPL,2022-07-13,1.9717854178369902,0.8015459316724274
AAPL,2022-07-14,2.012172903269081,0.8179637550043819
AAPL,2022-07-15,2.0352119997652367,0.8273293248573935
AAPL,2022-07-18,1.9931989871634708,0.8102507122337191
AAPL,2022-07-19,2.0464611508438906,0.8319021912556828
AAPL,2022-07-20,2.0741085277817373,0.843141062537252
AAPL,2022-07-21,2.1054159085764113,0.8558677535251681
AAPL,2022-07-22,2.0883389648609447,0.848925844615249
AAPL,2022-07-25,2.072889225196824,0.8426454066623409
AAPL,2022-07-26,2.054592769286235,0.8352077566693492
AAPL,2022-07-27,2.1249312478514955,0.863800888976748
AAPL,2022-07-28,2.1325208142937395,0.866886106085013
AAPL,2022-07-29,2.2024526490538197,0.89531393455928
AAPL,2022-08-01,2.188900091390051,0.8898047156752767
AAPL,2022-08-02,2.1685712548943985,0.881540887349272
AAPL,2022-08-03,2.251513804928355,0.9152576716103021
AAPL,2022-08-04,2.2471769697071324,0.9134947147507682
AAPL,2022-08-05,2.2440554544768547,0.9122257948110785
AAPL,2022-08-08,2.2375407691856224,0.9095775251545143
AAPL,2022-08-09,2.2382199062623145,0.9098535995974766
AAPL,2022-08-10,2.2968487201200647,0.9336866631759723
AAPL,2022-08-11,2.2866700483780362,0.9295489548579942
AAPL,2022-08-12,2.3356632905449026,0.9494650844647201
AAPL,2022-08-15,2.350455902204261,0.9554783948316137
AAPL,2022-08-16,2.3482849692711434,0.9545958939039099
AAPL,2022-08-17,2.3689133387552506,0.9629814846925667
AAPL,2022-08-18,2.363484853566308,0.9607747637284194
AAPL,2022-08-19,2.327792007981957,0.9462653475875227
AAPL,2022-08-22,2.274184197067134,0.924473360307397
AAPL,2022-08-23,2.2695698379293865,0.9225975878421586
AAPL,2022-08-24,2.273641306626198,0.9242526711693498
AAPL,2022-08-25,2.307570282303029,0.9380450606319973
AAPL,2022-08-26,2.220576176542102,0.9026812878191098
AAPL,2022-08-29,2.1901768271721904,0.8903237185864136
AAPL,2022-08-30,2.156654704910748,0.8766967181650593
AAPL,2022-08-31,2.133718946247558,0.8673731559356218
AAPL,2022-09-01,2.1437617905742483,0.8714556493650075
AAPL,2022-09-02,2.1145827918402937,0.8595941620480292
AAPL,2022-09-06,2.0972115553915938,0.852532620879493
AAPL,2022-09-07,2.116618945409117,0.8604218741279477
AAPL,2022-09-08,2.0962613923148514,0.8521463722838301
AAPL,2022-09-09,2.1357544709857548,0.868200612391056
AAPL,2022-09-12,2.2179977613629696,0.9016331422256286
AAPL,2022-09-13,2.0878468000905515,0.8487257758522626
AAPL,2022-09-14,2.1077968709388024,0.856835633030603
AAPL,2022-09-15,2.067896729242301,0.8406159186739224
AAPL,2022-09-16,2.0452322061893704,0.8314026158053471
AAPL,2022-09-19,2.0965324183149017,0.8522565464365308
AAPL,2022-09-20,2.12937582272007,0.8656076428312457
AAPL,2022-09-21,2.0862183383779525,0.848063793646283
AAPL,2022-09-22,2.0729181514056463,0.8426571653886153
AAPL,2022-09-23,2.0415675909079476,0.829912921519449
AAPL,2022-09-26,2.046182159655904,0.8317887791928487
AAPL,2022-09-27,2.0596181740435484,0.8372506223391087
AAPL,2022-09-28,2.033560690539872,0.8266580549618203
AAPL,2022-09-29,1.933674089662863,0.7860533837652038
AAPL,2022-09-30,1.87558795663584,0.7624409241165937
AAPL,2022-10-03,1.9332668170270564,0.7858878243075877
AAPL,2022-10-04,1.982802949634859,0.8060246430523608
AAPL,2022-10-05,1.9868744183316704,0.8076797263795521
AAPL,2022-10-06,1.9737098491644938,0.8023282278023154
AAPL,2022-10-07,1.9012377482832923,0.7728677616199434
AAPL,2022-10-10,1.9057162800057015,0.7746883191965893
AAPL,2022-10-11,1.8861734817932572,0.766744021475865
AAPL,2022-10-12,1.8774876539586984,0.7632131656834354
AAPL,2022-10-13,1.9405954187592753,0.7888669572548997
AAPL,2022-10-14,1.8780307540098433,0.7634339400296439
AAPL,2022-10-17,1.9327241361963292,0.7856672203777022
AAPL,2022-10-18,1.9509097083064333,0.7930597952533089
AAPL,2022-10-19,1.952402552213903,0.7936666477788575
AAPL,2022-10-20,1.9460241135584269,0.7910737634272086
AAPL,2022-10-21,1.998681761396507,0.8124795021116713
AAPL,2022-10-24,2.0282674039356414,0.8245062932617813
AAPL,2022-10-25,2.0674896662167033,0.8404504444244678
AAPL,2022-10-26,2.0269108066639276,0.8239548260411478
AAPL,2022-10-27,1.9651598487452733,0.7988525868984783
AAPL,2022-10-28,2.11363283837376,0.8592079986605277
AAPL,2022-10-31,2.081061088799269,0.8459673320429977
AAPL,2022-11-01,2.0445536979433045,0.831126796986869
AAPL,2022-11-02,1.9682817831959687,0.8001216772544907
AAPL,2022-11-03,1.8848166749113349,0.7661924690470703
AAPL,2022-11-04,1.8811461905440643,0.7647003889326527
AAPL,2022-11-07,1.8884867400581877,0.7676843787451649
AAPL,2022-11-08,1.8963714376745004,0.7708895689446926
AAPL,2022-11-09,1.8334307322103816,0.7453036882778706
AAPL,2022-11-10,1.996559458031844,0.811616769477414
AAPL,2022-11-11,2.0350306869345767,0.8272556197977755
AAPL,2022-11-14,2.0157270539704366,0.8194085445892179
AAPL,2022-11-15,2.0396525920398427,0.8291344597568244
AAPL,2022-11-16,2.0226601212385447,0.8222268897359526
AAPL,2022-11-17,2.048896611860584,0.8328922248830837
AAPL,2022-11-18,2.0566452724513495,0.8360421149858576
AAPL,2022-11-21,2.012056779213375,0.8179165496829618
AAPL,2022-11-22,2.041555643126043,0.8299080646542487
AAPL,2022-11-23,2.053655182822024,0.8348266205633708
AAPL,2022-11-25,2.0134161014178034,0.8184691246096933
AAPL,2022-11-28,1.9605354283175007,0.7969727244414924
AAPL,2022-11-29,1.9190734809548164,0.78011812407416
AAPL,2022-11-30,2.0123288532644694,0.8180271498764694
AAPL,2022-12-01,2.016135374657287,0.8195745300876408
AAPL,2022-12-02,2.0093381348045174,0.8168113998294984
AAPL,2022-12-05,1.993297503961633,0.810290760069581
AAPL,2022-12-06,1.942727154583337,0.7897335242564203
AAPL,2022-12-07,1.9159469350795262,0.7788471591385966
AAPL,2022-12-08,1.9391929168518223,0.788296829446918
AAPL,2022-12-09,1.9325319236348086,0.7855890844936909
AAPL,2022-12-12,1.9642057030745625,0.7984647193477485
AAPL,2022-12-13,1.9775278991187988,0.8038802944623642
AAPL,2022-12-14,1.9468053308068316,0.7913913342447766
AAPL,2022-12-15,1.855589256219135,0.7543112986448068
AAPL,2022-12-16,1.8285369626642296,0.7433143333334753
AAPL,2022-12-19,1.799445580997577,0.7314884630279657
AAPL,2022-12-20,1.7984941602595812,0.7311017031833342
AAPL,2022-12-21,1.8413154298266943,0.7485088784773983
AAPL,2022-12-22,1.7975425299113768,0.7307148581305414
AAPL,2022-12-23,1.7925125137294686,0.7286701178812308
AAPL,2022-12-27,1.767635554922067,0.7185574428689929
AAPL,2022-12-28,1.7133953500071268,0.696508382565899
AAPL,2022-12-29,1.7619259824430489,0.7162364577603971
AAPL,2022-12-30,1.7662764423278472,0.7180049531504227
AAPL,2023-01-03,1.7002090861833334,0.6911480649439564
AAPL,2023-01-04,1.7177456002817162,0.698276792747763
AAPL,2023-01-05,1.6995293202760147,0.6908717348765099
AAPL,2023-01-06,1.7620616002481786,0.7162915874408283
AAPL,2023-01-09,1.7692667415673813,0.7192205327810708
AAPL,2023-01-10,1.777151439183694,0.7224257229805985
AAPL,2023-01-11,1.8146712473484308,0.7376778134563284
AAPL,2023-01-12,1.8135837895848879,0.7372357535149431
AAPL,2023-01-13,1.8319355825906145,0.7446958984625465
AAPL,2023-01-17,1.847976423043708,0.7512166234306253
AAPL,2023-01-18,1.8380526373156478,0.7471825282369196
AAPL,2023-01-19,1.8388684402485138,0.7475141584011199
AAPL,2023-01-20,1.874213123275956,0.7618820437859178
AAPL,2023-01-23,1.9182578876321592,0.7797865791181211
AAPL,2023-01-24,1.937561520596299,0.7876336543266786
AAPL,2023-01-25,1.9284533281908962,0.7839311040890118
AAPL,2023-01-26,1.9570009809757773,0.7955359444238287
AAPL,2023-01-27,1.983781200479588,0.8064223095416524
AAPL,2023-01-30,1.943950858982636,0.7902309695027209
AAPL,2023-01-31,1.9614870586657052,0.7973595694942852
AAPL,2023-02-01,1.9769839606268185,0.8036591792835102
AAPL,2023-02-02,2.050256562895639,0.8334450554342995
AAPL,2023-02-03,2.1002823449513284,0.8537809204441219
AAPL,2023-02-06,2.062626709371253,0.8384736150797996
AAPL,2023-02-07,2.102321433063076,0.8546098254383001
AAPL,2023-02-08,2.06520994558519,0.8395237204609932
AAPL,2023-02-09,2.0509359095825404,0.8337212150854233
AAPL,2023-02-10,2.055973471731967,0.8357690228285445
AAPL,2023-02-13,2.0946396381289354,0.8514871167390154
AAPL,2023-02-14,2.0857896855008424,0.8478895429562033
AAPL,2023-02-15,2.114789048285808,0.8596780068788549
AAPL,2023-02-16,2.0927336524998115,0.8507123189273316
AAPL,2023-02-17,2.0769403617033766,0.8442922247978756
AAPL,2023-02-21,2.021527806890307,0.8217665952480261
AAPL,2023-02-22,2.027382639244062,0.8241466296124775
AAPL,2023-02-23,2.0340536937511002,0.8268584645574522
AAPL,2023-02-24,1.9974299692292214,0.811970638971742
AAPL,2023-02-27,2.013903235543184,0.8186671483768059
AAPL,2023-02-28,2.0069598973748417,0.8158446280301619
AAPL,2023-03-01,1.9783686456665186,0.8042220643977721
AAPL,2023-03-02,1.9865377843362484,0.8075428820723306
AAPL,2023-03-03,2.0562457553932707,0.8358797082302137
AAPL,2023-03-06,2.094367144857423,0.8513763461291849
AAPL,2023-03-07,2.064006154155732,0.8390343699900265
AAPL,2023-03-08,2.0812971098944404,0.8460632764327433
AAPL,2023-03-09,2.050255305234386,0.8334445441853311
AAPL,2023-03-10,2.021800300161819,0.8218773658578566
AAPL,2023-03-13,2.048621184046148,0.8327802613589935
AAPL,2023-03-14,2.0774849290259834,0.8445135956012139
AAPL,2023-03-15,2.082930811862261,0.8467273888427582
AAPL,2023-03-16,2.1218692619205326,0.8625561681548982
AAPL,2023-03-17,2.110296682289614,0.857851825563556
AAPL,2023-03-20,2.1429719793072803,0.8711345850128217
AAPL,2023-03-21,2.168567901131057,0.8815395240186895
AAPL,2023-03-22,2.148826602050826,0.8735145341691117
AAPL,2023-03-23,2.163802832253142,0.8796024868853988
AAPL,2023-03-24,2.1817741827297956,0.8869079790200465
AAPL,2023-03-27,2.154953089235258,0.8760049983107482
AAPL,2023-03-28,2.1463758394888863,0.872518280345928
AAPL,2023-03-29,2.1888541867543116,0.8897860550879284
AAPL,2023-03-30,2.210501471463666,0.8985858427491902
AAPL,2023-03-31,2.245082963720665,0.9126434852183012
AAPL,2023-04-03,2.262374129069582,0.9196724768691794
AAPL,2023-04-04,2.255021841383763,0.9166837153996285
AAPL,2023-04-05,2.2295623758059513,0.9063342469068372
AAPL,2023-04-06,2.2418157693952327,0.9113153456064329
AAPL,2023-04-10,2.206009105467473,0.8967596614338915
AAPL,2023-04-11,2.1892625074411622,0.8899520405863514
AAPL,2023-04-12,2.1797321600751243,0.8860778811116086
AAPL,2023-04-13,2.2540687437640963,0.9162962738897057
AAPL,2023-04-14,2.2493038844963906,0.9143593219645765
AAPL,2023-04-17,2.249575958547485,0.9144699221580841
AAPL,2023-04-18,2.2664585935993427,0.921332843102378
AAPL,2023-04-19,2.2822518843957775,0.9277529372318338
AAPL,2023-04-20,2.2689089369408646,0.9223289265092388
AAPL,2023-04-21,2.2467168752986946,0.9133076828364775
AAPL,2023-04-24,2.250937586464211,0.9150234343745911
AAPL,2023-04-25,2.2296984128314987,0.9063895470035911
AAPL,2023-04-26,2.2295623758059513,0.9063342469068372
AAPL,2023-04-27,2.2928711567968207,0.9320697531050919
AAPL,2023-04-28,2.310161693315111,0.9390984891314859
AAPL,2023-05-01,2.30893652164435,0.9386004474280555
AAPL,2023-05-02,2.2946408957901885,0.9327891656118605
AAPL,2023-05-03,2.2798011218338377,0.9267566834086501
AAPL,2023-05-04,2.2572001106741904,0.9175691986129816
AAPL,2023-05-05,2.363123904786659,0.9606280352744746
AAPL,2023-05-08,2.3621708071669922,0.960240593764552
AAPL,2023-05-09,2.338617117608096,0.9506658378752832
AAPL,2023-05-10,2.3629876581509026,0.9605726499695594
AAPL,2023-05-11,2.3655744577383895,0.9616242038894969
AAPL,2023-05-12,2.3527588895689577,0.9564145769010047
AAPL,2023-05-15,2.3459421559667644,0.9536435222838514
AAPL,2023-05-16,2.3459421559667644,0.9536435222838514
AAPL,2023-05-17,2.354394687638867,0.9570795413926336
AAPL,2023-05-18,2.386570273918621,0.9701591645851023
AAPL,2023-05-19,2.388070244573192,0.9707689141881388
AAPL,2023-05-22,2.374981344691412,0.9654481757571703
AAPL,2023-05-23,2.338988756508397,0.9508169119454599
AAPL,2023-05-24,2.3428059680218665,0.9523686377728631
AAPL,2023-05-25,2.358485021254475,0.9587422934543516
AAPL,2023-05-26,2.3917505806202786,0.9722649990861424
AAPL,2023-05-30,2.4172456799335955,0.982628952966373
AAPL,2023-05-31,2.416564237144606,0.9823519412336352
AAPL,2023-06-01,2.4552836445346236,0.9980916780171039
AAPL,2023-06-02,2.4670086107873797,1.0028579669417894
AAPL,2023-06-05,2.448330664296674,0.9952652380950352
AAPL,2023-06-06,2.4432861850103547,0.9932146184825874
AAPL,2023-06-07,2.4243353260277187,0.9855109486096797
AAPL,2023-06-08,2.461827675255096,1.0007518768162653
AAPL,2023-06-09,2.467144857423136,1.0029133522467049
AAPL,2023-06-12,2.5057280181773973,1.0185977037252583
AAPL,2023-06-13,2.499183987456925,1.0159375049260968
AAPL,2023-06-14,2.5079096412311666,1.0194845502691938
AAPL,2023-06-15,2.535994893895312,1.0309014213999443
AAPL,2023-06-16,2.5211339493078673,1.024860333172432
AAPL,2023-06-20,2.5223612170807166,1.0253592269574763
AAPL,2023-06-21,2.5080460974771315,1.0195400207822705
AAPL,2023-06-22,2.549492324074152,1.0363882305374974
AAPL,2023-06-23,2.545129287576822,1.0346146226577873
AAPL,2023-06-26,2.525906144932883,1.0268002673832106
AAPL,2023-06-27,2.563943690313493,1.0422628220176184
AAPL,2023-06-28,2.580167939699335,1.0488581041269294
AAPL,2023-06-29,2.584803259857968,1.0507423974083085
AAPL,2023-06-30,2.6445189026486347,1.0750172653037053
AAPL,2023-07-03,2.623932035985881,1.0666485457310073
AAPL,2023-07-05,2.608525895245202,1.0603858310756722
AAPL,2023-07-06,2.6150699259656744,1.0630460298748334
AAPL,2023-07-07,2.5996639948352045,1.0567834004276597
AAPL,2023-07-10,2.5714422859250936,1.0453110587838323
AAPL,2023-07-11,2.5642168124156317,1.0423738482519331
AAPL,2023-07-12,2.5872573761832496,1.0517400145620748
AAPL,2023-07-13,2.5977550746631564,1.056007409701716
AAPL,2023-07-14,2.5998002414709607,1.056838785732575
AAPL,2023-07-17,2.6447916055303557,1.0751281211216972
AAPL,2023-07-18,2.6412464680679806,1.0736869954878017
AAPL,2023-07-19,2.6599250433893133,1.0812799799590405
AAPL,2023-07-20,2.633066639277599,1.0703618321970114
AAPL,2023-07-21,2.616842599501966,1.0637666352958617
AAPL,2023-07-24,2.6278857037453154,1.068255742071487
AAPL,2023-07-25,2.6397473358542456,1.073077586717411
AAPL,2023-07-26,2.6517445857683053,1.077954561043766
AAPL,2023-07-27,2.6342934878300315,1.0708605555657333
AAPL,2023-07-28,2.6698775457159867,1.0853257486708592
AAPL,2023-07-31,2.678330286998298,1.0887618529878027
AAPL,2023-08-01,2.6668778140170537,1.0841063346729476
AAPL,2023-08-02,2.62556783405579,1.067313510222636
AAPL,2023-08-03,2.6063444818016417,1.0594990697398978
AAPL,2023-08-04,2.481187693365418,1.0086218730202416
AAPL,2023-08-07,2.438377952359792,0.9912193841750551
AAPL,2023-08-08,2.451329557554771,0.9964843112603011
AAPL,2023-08-09,2.429379805314038,0.9875615682221275
AAPL,2023-08-10,2.4263802832253143,0.9863422394323773
AAPL,2023-08-11,2.427199649531731,0.9866753181353216
AAPL,2023-08-14,2.449998532728538,0.9959432394353596
AAPL,2023-08-15,2.4225578314566234,0.9847883834009389
AAPL,2023-08-16,2.4105442319462727,0.9799047628379941
AAPL,2023-08-17,2.375458417526767,0.9656421095325352
AAPL,2023-08-18,2.382147917732185,0.9683614427957138
AAPL,2023-08-21,2.400577895345815,0.9758533703875224
AAPL,2023-08-22,2.4195541171637225,0.9835673504479606
AAPL,2023-08-23,2.4726609596793803,1.0051556902223209
AAPL,2023-08-24,2.407949886391267,0.9788501414242459
AAPL,2023-08-25,2.438394092345874,0.9912259452034835
AAPL,2023-08-28,2.4599644501085782,0.9999944614695085
AAPL,2023-08-29,2.513617117608096,1.0218046832961756
AAPL,2023-08-30,2.5618090199465073,1.0413950621018382
AAPL,2023-08-31,2.5648123150189908,1.0426159246384936
AAPL,2023-09-01,2.586519338637869,1.0514399966257566
AAPL,2023-09-05,2.5897953365920734,1.0527717149804041
AAPL,2023-09-06,2.497097946658394,1.0150895133037632
AAPL,2023-09-07,2.424059688603074,0.9853988998774281
AAPL,2023-09-08,2.4325235392264544,0.9888395202269263
AAPL,2023-09-11,2.4486333414382613,0.9953882786801085
AAPL,2023-09-12,2.406857817203129,0.9784062069033096
AAPL,2023-09-13,2.3783252563532855,0.9668075015561141
AAPL,2023-09-14,2.399213123275956,0.9752985800485943
AAPL,2023-09-15,2.3892465770652893,0.971247102389961
AAPL,2023-09-18,2.429656910010145,0.987674213411509
AAPL,2023-09-19,2.4446742238133967,0.993778866927432
AAPL,2023-09-20,2.3957998306349513,0.9739110503482244
AAPL,2023-09-21,2.3745025949743854,0.9652535603165141
AAPL,2023-09-22,2.3862432819928063,0.9700262398533056
AAPL,2023-09-25,2.4038545221306458,0.977185344366654
AAPL,2023-09-26,2.3476079282965396,0.9543206715425616
AAPL,2023-09-27,2.326720480594287,0.9458297634664043
AAPL,2023-09-28,2.330270019871048,0.9472726784716894
AAPL,2023-09-29,2.3373693080347784,0.9501585936904208
AAPL,2023-10-02,2.3720451248857626,0.9642545798321656
AAPL,2023-10-03,2.353614937661924,0.9567625670321955
AAPL,2023-10-04,2.37081659945166,0.9637551747981525
AAPL,2023-10-05,2.3878818049954305,0.9706923120510328
AAPL,2023-10-06,2.423104075660901,0.9850104358695685
AAPL,2023-10-09,2.443582154625259,0.9933349324064957
AAPL,2023-10-10,2.4353907972733904,0.990005082666828
AAPL,2023-10-11,2.454640141193437,0.997830088961581
AAPL,2023-10-12,2.4670635286621,1.0028802914800785
AAPL,2023-10-13,2.441670509520496,0.9925578339744537
AAPL,2023-10-16,2.4398959494923242,0.9918364616799726
AAPL,2023-10-17,2.4184620479755847,0.9831234159270243
AAPL,2023-10-18,2.400577895345815,0.9758533703875224
AAPL,2023-10-19,2.395390461897056,0.9737446388089943
AAPL,2023-10-20,2.3601679816213768,0.9594264297822973
AAPL,2023-10-23,2.3618060854035834,0.9600923315637018
AAPL,2023-10-24,2.3678130947689677,0.9625342270533356
AAPL,2023-10-25,2.335867450888328,0.9495480772139316
AAPL,2023-10-26,2.2783921220099104,0.9261839141476649
AAPL,2023-10-27,2.296549396741819,0.9335649859214816
AAPL,2023-10-30,2.3248090450997325,0.9450527502425237
AAPL,2023-10-31,2.3313622986693945,0.9477166982007871
AAPL,2023-11-01,2.3750488391786635,0.9654756127851438
AAPL,2023-11-02,2.424196144849039,0.9854543703905048
AAPL,2023-11-03,2.4116363011344104,0.9803486973589304
AAPL,2023-11-06,2.446858571799881,0.994666821177466
AAPL,2023-11-07,2.4822172987113165,1.0090404155090782
AAPL,2023-11-08,2.496825243776673,1.0149786574857713
AAPL,2023-11-09,2.490271990207011,1.0123147095275078
AAPL,2023-11-10,2.548096529693382,1.0358208293906808
AAPL,2023-11-13,2.5262241236197167,1.0269295281640665
AAPL,2023-11-14,2.5623131324988053,1.0415999877300248
AAPL,2023-11-15,2.570105182402804,1.04476751592221
AAPL,2023-11-16,2.5933442470382078,1.0542143743612051
AAPL,2023-11-17,2.5930707057156512,1.0541031777105674
AAPL,2023-11-20,2.6171299750983072,1.0638834556851524
AAPL,2023-11-21,2.606057106205301,1.0593822493506073
AAPL,2023-11-22,2.6152162338914553,1.0631055051714962
AAPL,2023-11-24,2.5968981881293547,1.0556590787378797
AAPL,2023-11-27,2.5944375738875984,1.0546588201311098
AAPL,2023-11-28,2.6027762872162925,1.0580485712082475
AAPL,2023-11-29,2.5886963502670435,1.0523249685901415
AAPL,2023-11-30,2.5966250660272157,1.0555480525035648
AAPL,2023-12-01,2.6142593632880295,1.0627165299146681
AAPL,2023-12-04,2.5895163454040864,1.05265830291757
AAPL,2023-12-05,2.6440600659014497,1.074830744638383
AAPL,2023-12-06,2.6290230487385657,1.0687180815552875
AAPL,2023-12-07,2.6556795982191517,1.0795541738578804
AAPL,2023-12-08,2.6753645121532,1.0875562427120393
AAPL,2023-12-11,2.6407790373022326,1.0734969812878616
AAPL,2023-12-12,2.6616945727724723,1.0819993072576477
AAPL,2023-12-13,2.7061222949802546,1.1000595179007435
AAPL,2023-12-14,2.7081724924330715,1.1008929389274764
AAPL,2023-12-15,2.7007906497078036,1.0978921631071668
AAPL,2023-12-18,2.6778251263949557,1.0885565013188092
AAPL,2023-12-19,2.6921786046667617,1.0943913005875527
AAPL,2023-12-20,2.6633349822669765,1.0826661463288276
AAPL,2023-12-21,2.661283946373324,1.0818323844694493
AAPL,2023-12-22,2.6465206801432055,1.0758310032451528
AAPL,2023-12-26,2.6390021715617635,1.072774671703605
AAPL,2023-12-27,2.640369039733711,1.0733303141241475
AAPL,2023-12-28,2.646247348430858,1.0757198918026767
AAPL,2023-12-29,2.631893870159052,1.069885092533933
AAPL,2024-01-02,2.537706990081245,1.031597401662326
AAPL,2024-01-03,2.5187056150382747,1.0238731966225187
AAPL,2024-01-04,2.486718049115864,1.0108700051508333
AAPL,2024-01-05,2.4767385070722483,1.0068132445861928
AAPL,2024-01-08,2.536613453621645,1.0311528706842599
AAPL,2024-01-09,2.530872020390881,1.0288189339351301
AAPL,2024-01-10,2.545225498662687,1.0346537332038737
AAPL,2024-01-11,2.537023660800376,1.0313196230561357
AAPL,2024-01-12,2.541534682105157,1.0331533878977996
AAPL,2024-01-16,2.510230235853407,1.020427889824143
AAPL,2024-01-17,2.49724341614334,1.0151486477677805
AAPL,2024-01-18,2.5785807711978803,1.0482129079287472
AAPL,2024-01-19,2.6186337187366373,1.0644947390350943
AAPL,2024-01-22,2.650484828413083,1.0774424599937031
AAPL,2024-01-23,2.6681193352841057,1.084611022612968
AAPL,2024-01-24,2.658823541741777,1.0808322110708408
AAPL,2024-01-25,2.6543125204369953,1.0789984462291766
AAPL,2024-01-26,2.6303899169105134,1.0692737239758299
AAPL,2024-01-29,2.6209576671222194,1.065439441920626
AAPL,2024-01-30,2.5705149703611165,1.0449340978777628
AAPL,2024-01-31,2.520756231711509,1.0247067880655745
AAPL,2024-02-01,2.5543848359590506,1.0383770742329241
AAPL,2024-02-02,2.5405778115017315,1.0327644126409716
AAPL,2024-02-05,2.565593951487813,1.0429336658723845
AAPL,2024-02-06,2.5877396892738265,1.0519360785414749
AAPL,2024-02-07,2.589243223301948,1.0525472766832553
AAPL,2024-02-08,2.5743430816054467,1.0464902545295593
AAPL,2024-02-09,2.584882282906707,1.0507745208851595
AAPL,2024-02-12,2.561613453621645,1.0413155628872444
AAPL,2024-02-13,2.5327327302148923,1.02957532678395
AAPL,2024-02-14,2.520550813706831,1.0246232840673946
AAPL,2024-02-15,2.5165816347919407,1.0230097823229705
AAPL,2024-02-16,2.4953657278924113,1.0143853530578866
AAPL,2024-02-20,2.4851002775239164,1.0102123685610853
AAPL,2024-02-21,2.4955030225792116,1.0144411644036089
AAPL,2024-02-22,2.5235618643570414,1.025847299306022
AAPL,2024-02-23,2.498240531906866,1.015553982991599
AAPL,2024-02-26,2.4796254684788166,1.0079868165932668
AAPL,2024-02-27,2.499745952426867,1.016165948006832
AAPL,2024-02-28,2.4831840209945586,1.0094333955494925
AAPL,2024-02-29,2.4740133647469165,1.0057054532797258
AAPL,2024-03-01,2.4590941485214097,0.999640677183342
AAPL,2024-03-04,2.3966791454611007,0.9742684985853315
AAPL,2024-03-05,2.3285153728127175,0.946559400952542
AAPL,2024-03-06,2.3148280357846547,0.9409953932207533
AAPL,2024-03-07,2.313185530188062,0.9403277020679593
AAPL,2024-03-08,2.336864776262063,0.9499534976459114
AAPL,2024-03-11,2.3645136204713713,0.9611929653846104
AAPL,2024-03-12,2.371083433247533,0.9638636447876251
AAPL,2024-03-13,2.3423400045275806,0.952179220030053
AAPL,2024-03-14,2.367935507130939,0.9625839886195978
AAPL,2024-03-15,2.3627342394083963,0.960469633302417
AAPL,2024-03-18,2.377790331100286,0.9665900503282006
AAPL,2024-03-19,2.4100931507768153,0.9797213948746438
AAPL,2024-03-20,2.445543477349521,0.9941322251727915
AAPL,2024-03-21,2.345624596500348,0.9535144319193182
AAPL,2024-03-22,2.358080263941175,0.9585777564946725
AAPL,2024-03-25,2.3385074914688646,0.9506212740068669
AAPL,2024-03-26,2.322903688301235,0.9442782080553238
AAPL,2024-03-27,2.3721784369785945,0.964308772222821
AAPL,2024-03-28,2.347130226630558,0.9541264821427126
AAPL,2024-04-01,2.327283703225482,0.9460587177961078
AAPL,2024-04-02,2.31099531311573,0.939437361989406
AAPL,2024-04-03,2.3220824355029386,0.9439443624789269
AAPL,2024-04-04,2.310721981403382,0.9393262505469298
AAPL,2024-04-05,2.32112430723826,0.9435548759731305
AAPL,2024-04-08,2.305657379537013,0.937267450950987
AAPL,2024-04-09,2.322355976825495,0.9440555591295644
AAPL,2024-04-10,2.296486513679162,0.9335394234730591
AAPL,2024-04-11,2.3958578926628045,0.9739346530089346
AAPL,2024-04-12,2.416526088086594,0.9823364333482589
AAPL,2024-04-15,2.3636921580628663,0.960859034600052
AAPL,2024-04-16,2.3183867979106054,0.9424420573851404
AAPL,2024-04-17,2.2994979835497906,0.9347636091280094
AAPL,2024-04-18,2.2863577291668413,0.9294219946974961
AAPL,2024-04-19,2.258435553245185,0.9180714155163209
AAPL,2024-04-22,2.2699328828111245,0.9227451683777176
AAPL,2024-04-23,2.2844414726374835,0.9286430216859032
AAPL,2024-04-24,2.313459281120828,0.9404389839267585
AAPL,2024-04-25,2.325367446696124,0.9452797447845149
AAPL,2024-04-26,2.317291794179544,0.9419969299499446
AAPL,2024-04-29,2.374779070839866,0.9653659498814114
AAPL,2024-04-30,2.3313897576067544,0.9477278604699314
AAPL,2024-05-01,2.317291794179544,0.9419969299499446
AAPL,2024-05-02,2.3683461335300873,0.9627509114077963
AAPL,2024-05-03,2.510011402795362,1.0203389325036332
AAPL,2024-05-06,2.4871534095196575,1.011046982502078
AAPL,2024-05-07,2.4965978167000644,1.0148862066306434
AAPL,2024-05-08,2.5012515825570767,1.0167779982302263
AAPL,2024-05-09,2.526299792905114,1.026960288310335
AAPL,2024-05-10,2.508892922720908,1.0198842617543593
AAPL,2024-05-13,2.5531636468822576,1.0378806514845604
AAPL,2024-05-14,2.568925496147364,1.044287964389805
AAPL,2024-05-15,2.6003125288214037,1.0570470344790563
AAPL,2024-05-16,2.601957130520085,1.0577155777134646
AAPL,2024-05-17,2.6023683857498594,1.0578827561261472
AAPL,2024-05-20,2.618404405168149,1.0644015213065137
AAPL,2024-05-21,2.6363594060485123,1.0717003672045715
AAPL,2024-05-22,2.616485633316285,1.0636215257969839
AAPL,2024-05-23,2.56138728420629,1.041223623281085
AAPL,2024-05-24,2.603875902371949,1.0584955732229944
AAPL,2024-05-28,2.6040131970587495,1.0585513845687167
AAPL,2024-05-29,2.6081249109156612,1.0602228278628982
AAPL,2024-05-30,2.621830903252312,1.0657944191210522
AAPL,2024-05-31,2.6349887648928054,1.0711431910371239
AAPL,2024-06-03,2.65938529710151,1.0810605689434145
AAPL,2024-06-04,2.6637713907218137,1.0828435497208793
AAPL,2024-06-05,2.684604549379973,1.091312388883232
AAPL,2024-06-06,2.6655530774970866,1.0835678190928484
AAPL,2024-06-07,2.6985849214800157,1.096995517624669
AAPL,2024-06-10,2.6469128608439747,1.0759904277151475
AAPL,2024-06-11,2.8392088472276953,1.15416022457463
AAPL,2024-06-12,2.920348959075703,1.187144303855712
AAPL,2024-06-13,2.9363849784939924,1.1936630690360783
AAPL,2024-06-14,2.9123992822946447,1.1839126991261475
AAPL,2024-06-17,2.9696905734096872,1.2072020494266982
AAPL,2024-06-18,2.937069984656533,1.1939415293075601
AAPL,2024-06-20,2.8738852929093057,1.168256466340859
AAPL,2024-06-21,2.8438691110011822,1.1560546576272168
AAPL,2024-06-24,2.8527777544877546,1.1596760896952232
AAPL,2024-06-25,2.8655245705086823,1.1648577684067736
AAPL,2024-06-26,2.9228158616237243,1.1881471187073238
AAPL,2024-06-27,2.9344662066421283,1.1928830735265485
AAPL,2024-06-28,2.886768774786407,1.1734937007736475
AAPL,2024-07-01,2.970787044412211,1.2076477733190238
AAPL,2024-07-02,3.0190323973538806,1.2272598802058459
AAPL,2024-07-03,3.036576143004469,1.2343915476912208
AAPL,2024-07-05,3.102227946909926,1.2610795107176955
AAPL,2024-07-08,3.122513184482137,1.2693256157461275
AAPL,2024-07-09,3.1343001953567144,1.2741171262865898
AAPL,2024-07-10,3.1932360881704382,1.2980750198215485
AAPL,2024-07-11,3.1190866863979743,1.267932717931589
AAPL,2024-07-12,3.159793408178152,1.2844803132933678
AAPL,2024-07-15,3.2126988152830998,1.3059867680246149
AAPL,2024-07-16,3.21845555005911,1.3083269249695273
AAPL,2024-07-17,3.137041477668128,1.2752314786214851
AAPL,2024-07-18,3.0726228106213687,1.2490447952085746
AAPL,2024-07-19,3.07440470700685,1.249769149788705
AAPL,2024-07-22,3.0696077773771893,1.2478191610148803
AAPL,2024-07-23,3.083998985486589,1.2536692977526773
AAPL,2024-07-24,2.9953206616975074,1.2176208773628756
AAPL,2024-07-25,2.9809296631983164,1.21177082583324
AAPL,2024-07-26,2.987371404136867,1.214389443049634
AAPL,2024-07-29,2.9912091574508044,1.2159495192768552
AAPL,2024-07-30,2.9988844544684703,1.2190695865231362
AAPL,2024-07-31,3.043840394402569,1.2373445217329806
AAPL,2024-08-01,2.9928537591494857,1.2166180625112635
AAPL,2024-08-02,3.0134127476544617,1.2249754493984941
AAPL,2024-08-05,2.868265852820096,1.165972120741669
AAPL,2024-08-06,2.840305318230219,1.154605948466956
AAPL,2024-08-07,2.875804274371379,1.1690365470585504
AAPL,2024-08-08,2.923638162473065,1.1884813903245282
AAPL,2024-08-09,2.963797172777503,1.2048063367605475
AAPL,2024-08-12,2.9849288163730727,1.2133965123447454
AAPL,2024-08-13,3.0362487318582363,1.2342584525431013
AAPL,2024-08-14,3.042423639000914,1.236768599770023
AAPL,2024-08-15,3.083589407138485,1.2535028010052858
AAPL,2024-08-16,3.101839539192917,1.2609216199946063
AAPL,2024-08-19,3.099644081865363,1.2600291497120175
AAPL,2024-08-20,3.1081515314121857,1.2634874933590887
AAPL,2024-08-21,3.106642128298217,1.262873909388789
AAPL,2024-08-22,3.080982275360739,1.2524429818936917
AAPL,2024-08-23,3.1126797407540936,1.2653282452699883
AAPL,2024-08-26,3.117345244782802,1.2672248085266102
AAPL,2024-08-27,3.1290087952443635,1.2719661314600035
AAPL,2024-08-28,3.1078771516487937,1.2633759558758055
AAPL,2024-08-29,3.1531594546780806,1.2817835601929624
AAPL,2024-08-30,3.142319253116904,1.2773769349175803
AAPL,2024-09-03,3.056831615927022,1.2426255531607329
AAPL,2024-09-04,3.0304857087759602,1.2319157393533466
AAPL,2024-09-05,3.0514800576847296,1.2404501035918223
AAPL,2024-09-06,3.030074034325768,1.2317483905243412
AAPL,2024-09-09,3.031308848066136,1.2322503518031964
AAPL,2024-09-10,3.020331351818159,1.227787915182092
AAPL,2024-09-11,3.055322212813053,1.242011969190433
AAPL,2024-09-12,3.056831615927022,1.2426255531607329
AAPL,2024-09-13,3.0531267554854993,1.2411194989078445
AAPL,2024-09-16,2.968325382119411,1.206647088671447
AAPL,2024-09-17,2.974774459415271,1.2092686881734904
AAPL,2024-09-18,3.0282900418381975,1.2310231838625967
AAPL,2024-09-19,3.1405352606293335,1.2766517282558356
AAPL,2024-09-20,3.131341547258718,1.2729144130883143
AAPL,2024-09-23,3.107602771885402,1.2632644183925223
AAPL,2024-09-24,3.119952376560548,1.2682846276382045
AAPL,2024-09-25,3.106230453848024,1.2627065605597834
AAPL,2024-09-26,3.12201074881151,1.2691213717832321
AAPL,2024-09-27,3.125715609253033,1.2706274260361206
AAPL,2024-09-30,3.197206943966999,1.2996892032312637
AAPL,2024-10-01,3.1040352061306793,1.2618141754853562
AAPL,2024-10-02,3.1118566014639177,1.2649936328201388
AAPL,2024-10-03,3.0966250660272157,1.2588018965632566
AAPL,2024-10-04,3.1121309812273097,1.265105170303422
AAPL,2024-10-07,3.0420119645507215,1.2366012509410176
AAPL,2024-10-08,3.0979973840645934,1.2593597543959953
AAPL,2024-10-09,3.1497289739999497,1.2803890434233571
AAPL,2024-10-10,3.142868012643688,1.2776000098841467
AAPL,2024-10-11,3.1224224232617024,1.2692887206122376
AAPL,2024-10-14,3.1738796334336667,1.290206472156316
AAPL,2024-10-15,3.2088704944285604,1.304430526164657
AAPL,2024-10-16,3.180466005416328,1.2928838830040819
AAPL,2024-10-17,3.1855431838952284,1.2949477950897093
AAPL,2024-10-18,3.2246505797818377,1.3108452521799443
AAPL,2024-10-21,3.2449590840872315,1.3191008153142925
AAPL,2024-10-22,3.236451634540409,1.3156424716672213
AAPL,2024-10-23,3.166469702940412,1.2871942784423775
AAPL,2024-10-24,3.1638627807728747,1.286134544538945
AAPL,2024-10-25,3.175389036547636,1.2908200561266159
AAPL,2024-10-28,3.2026955872858833,1.3019203789377354
AAPL,2024-10-29,3.206400447727406,1.3034264331906238
AAPL,2024-10-30,3.1574132842565965,1.2835127746205788
AAPL,2024-10-31,3.099918461628755,1.2601406871953007
AAPL,2024-11-01,3.0587526934911837,1.2434064859600382
AAPL,2024-11-04,3.0464028792058286,1.2383861915061947
AAPL,2024-11-05,3.06616241437423,1.246418594465815
AAPL,2024-11-06,3.056145561713438,1.2423466668484442
AAPL,2024-11-07,3.1214617796745174,1.2688982116085044
AAPL,2024-11-08,3.117752936639026,1.267390538400549
AAPL,2024-11-11,3.080250735731833,1.2521456054103774
AAPL,2024-11-12,3.080250735731833,1.2521456054103774
AAPL,2024-11-13,3.0924766703837543,1.2571155418408284
AAPL,2024-11-14,3.1350614996352784,1.2744266023288242
AAPL,2024-11-15,3.090828295701314,1.2564454648595151
AAPL,2024-11-18,3.132314138627808,1.273309778957248
AAPL,2024-11-19,3.1358856869764984,1.2747616408194808
AAPL,2024-11-20,3.1457763542915593,1.2787822731236842
AAPL,2024-11-21,3.1391826459515886,1.2761018799902692
AAPL,2024-11-22,3.157727489959671,1.2836405016545294
AAPL,2024-11-25,3.1989385339023553,1.3003931078526563
AAPL,2024-11-26,3.229022629518148,1.3126225240105946
AAPL,2024-11-27,3.2272367505386983,1.3118965504753977
AAPL,2024-11-29,3.260205711458971,1.325298686558796
AAPL,2024-12-02,3.2912512891027843,1.3379189525531132
AAPL,2024-12-03,3.333286520386689,1.355006597241897
AAPL,2024-12-04,3.3382318540442193,1.3570169133939987
AAPL,2024-12-05,3.3386439477148295,1.357184432639327
AAPL,2024-12-06,3.335896586707359,1.3560676092677508
AAPL,2024-12-09,3.3896083642857744,1.377901859795935
AAPL,2024-12-10,3.403620177917145,1.383597769761583
AAPL,2024-12-11,3.3860368159370835,1.3764499979337022
AAPL,2024-12-12,3.406230244237815,1.384658781787437
AAPL,2024-12-13,3.408565511574676,1.385608085913685
AAPL,2024-12-16,3.4485400648953206,1.4018580491676653
AAPL,2024-12-17,3.4820584141730038,1.4154835158421142
AAPL,2024-12-18,3.407466525249646,1.3851613395234221
AAPL,2024-12-19,3.431368796585869,1.3948777965851125
AAPL,2024-12-20,3.4959329331175746,1.4211236144620403
AAPL,2024-12-23,3.5066477877738556,1.4254792852569003
AAPL,2024-12-24,3.5468973496885194,1.4418410416186485
AAPL,2024-12-26,3.5581613830920023,1.4464199577963976
AAPL,2024-12-27,3.511043523463767,1.4272661856097901
AAPL,2024-12-30,3.464475052192942,1.4083357440142332
META,2022-01-03,1.6137859248191273,1
META,2022-01-04,1.604204464076057,0.9940627436416982
META,2022-01-05,1.5452857747003759,0.9575531369649113
META,2022-01-06,1.5848032217703731,0.9820405528372652
META,2022-01-07,1.5816094015226831,0.9800614673844981
META,2022-01-10,1.5638764049538019,0.9690730231948707
META,2022-01-11,1.5939078948444432,0.9876823625308839
META,2022-01-12,1.588616792972807,0.9844036737096085
META,2022-01-13,1.5562971603607056,0.9643764618501893
META,2022-01-14,1.5821336489137128,0.9803863229821129
META,2022-01-18,1.516588852193194,0.9397707768229376
META,2022-01-19,1.5234532803575747,0.9440243943931552
META,2022-01-20,1.5090096076000976,0.9350742154782562
META,2022-01-21,1.4451808083982387,0.8955220058448671
META,2022-01-24,1.4715892961241324,0.911886312485386
META,2022-01-25,1.4307847413927048,0.8866013263519241
META,2022-01-26,1.4044716112006113,0.8702961090443418
META,2022-01-27,1.4045192169525542,0.8703256084662979
META,2022-01-28,1.438221022700058,0.8912092989417127
META,2022-01-31,1.4932788271811903,0.9253264663022492
META,2022-02-01,1.520640744215171,0.9422815757831101
META,2022-02-02,1.5397083081675116,0.9540969991667771
META,2022-02-03,1.1333778821924114,0.7023099314237978
META,2022-02-04,1.1301840619447212,0.7003308459710305
META,2022-02-07,1.0721232983134128,0.6643528623126244
META,2022-02-08,1.049575768497025,0.650381040232868
META,2022-02-09,1.1059205346096737,0.6852956873654881
META,2022-02-10,1.0871867220256335,0.6736870766470994
META,2022-02-11,1.0465726633169352,0.6485201334459741
META,2022-02-14,1.0377539168143517,0.643055501262141
META,2022-02-15,1.0534846972332588,0.6528032504381478
META,2022-02-16,1.0322242750783013,0.6396289986194995
META,2022-02-17,0.9901326126854434,0.6135464422249297
META,2022-02-18,0.9827439371300332,0.6089679690570972
META,2022-02-22,0.9632949430424924,0.5969161883416837
META,2022-02-23,0.9459910553757116,0.5861936461502711
META,2022-02-24,0.9896082192644999,0.6132214961382905
META,2022-02-25,1.0033368565483902,0.6217285955451891
META,2022-02-28,1.0059586776231937,0.623353235489361
META,2022-03-01,0.9700162618912159,0.6010811266679842
META,2022-03-02,0.9920393252717032,0.614727957416589
META,2022-03-03,0.9675374041021555,0.5995450754787051
META,2022-03-04,0.9536657305175651,0.5909493420724014
META,2022-03-07,0.8936505755330968,0.5537602985558676
META,2022-03-08,0.9070930672006299,0.5620900847194442
META,2022-03-09,0.9462295222251688,0.586341414727125
META,2022-03-10,0.9305464205731616,0.5766232102175863
META,2022-03-11,0.8943179322397835,0.5541738333973996
META,2022-03-14,0.889646289263063,0.5512789990176512
META,2022-03-15,0.9153876393271408,0.5672299065501747
META,2022-03-16,0.9706836185979025,0.6014946615095162
META,2022-03-17,0.99075229062523,0.6139304323999933
META,2022-03-18,1.031985881243801,0.6394812752871578
META,2022-03-21,1.0081514628108539,0.6247120186798303
META,2022-03-22,1.0327485954842877,0.6399538994616264
META,2022-03-23,1.017542281501281,0.630531141616771
META,2022-03-24,1.0466680938656923,0.6485792680234229
META,2022-03-25,1.0573934799395788,0.6552253701544033
META,2022-03-28,1.065830942336876,0.6604537354955143
META,2022-03-29,1.0957194689417737,0.6789744860766348
META,2022-03-30,1.0861380081987035,0.673037229718333
META,2022-03-31,1.059967695262439,0.656820510676619
META,2022-04-01,1.0718372987269695,0.6641756395583267
META,2022-04-04,1.1149299961798576,0.6908784982151945
META,2022-04-05,1.10515774735423,0.6848230179465072
META,2022-04-06,1.0644485501566026,0.659597121145982
META,2022-04-07,1.062780085374929,0.6585632387976398
META,2022-04-08,1.059824731976696,0.6567319219217264
META,2022-04-11,1.031842917958058,0.6393926865322652
META,2022-04-12,1.020783707500914,0.6325397264914944
META,2022-04-13,1.024835599522891,0.635050525451667
META,2022-04-14,1.00190671258626,0.6208423912846763
META,2022-04-18,1.0047193217436206,0.6225852551392337
META,2022-04-19,1.0358947369650777,0.6419034402479254
META,2022-04-20,0.9553818010511818,0.5920127238426997
META,2022-04-21,0.8965107174274436,0.5555326165878689
META,2022-04-22,0.8776337225127893,0.5438352813810508
META,2022-04-25,0.8913624328116366,0.5523424260324618
META,2022-04-26,0.8625704448304826,0.5345011575356002
META,2022-04-27,0.8339690258870149,0.5167779772155876
META,2022-04-28,0.9806941882430732,0.6076978198660328
META,2022-04-29,0.9556202679006389,0.5921604924195535
META,2022-05-02,1.006435392277237,0.6236486369095319
META,2022-05-03,1.0107255321038005,0.6263070687130217
META,2022-05-04,1.064972870562589,0.659922021988109
META,2022-05-05,0.9928497182790901,0.615230126257526
META,2022-05-06,0.9713510483195462,0.6019082415955604
META,2022-05-09,0.9353133480687252,0.5795770886857592
META,2022-05-10,0.9421775571882349,0.5838305705224403
META,2022-05-11,0.8997045376751337,0.5575117020406362
META,2022-05-12,0.9116217468916072,0.5648963303442999
META,2022-05-13,0.9468013753681415,0.5866957697466959
META,2022-05-16,0.953570445998722,0.590890297983977
META,2022-05-17,0.9658690123354389,0.5985112383748751
META,2022-05-18,0.9163887474021278,0.567850254056985
META,2022-05-19,0.9118600677111505,0.5650440084321292
META,2022-05-20,0.9225855998149509,0.571690201052134
META,2022-05-23,0.9354084865576544,0.5796360422851592
META,2022-05-24,0.8641434060484422,0.5354758600619813
META,2022-05-25,0.876299082114373,0.543008256942499
META,2022-05-26,0.913480853725924,0.5660483461140031
META,2022-05-27,0.9301650634529182,0.5763868981303519
META,2022-05-31,0.9230623874839513,0.5719856477168171
META,2022-06-01,0.8992278230210903,0.5572163006204652
META,2022-06-02,0.9479455197438285,0.587404751252911
META,2022-06-03,0.9094290347189041,0.5635375923983429
META,2022-06-06,0.9259702081451981,0.57378751041528675
META,2022-06-07,0.9326437021971077,0.5779228135860945
META,2022-06-08,0.9373630969556852,0.5808472378768235
META,2022-06-09,0.8771094021068028,0.5435103805389236
META,2022-06-10,0.8369244523002048,0.5186093393360133
META,2022-06-13,0.7830107921947596,0.48520115348169196
META,2022-06-14,0.7804842556387991,0.48363555762594446
META,2022-06-15,0.807274319529807,0.5002363120872343
META,2022-06-16,0.7668510489036658,0.47518759279649453
META,2022-06-17,0.7805320804356131,0.48366519278143716
META,2022-06-21,0.7486415567256122,0.4639038829202329
META,2022-06-22,0.7429211999219616,0.4603592016117181
META,2022-06-23,0.756745267754609,0.4689254355960657
META,2022-06-24,0.8111355694991408,0.5026289776260459
META,2022-06-27,0.8079417492514507,0.5006498921732786
META,2022-06-28,0.765945225347522,0.47462628937810875
META,2022-06-29,0.7814853637137861,0.4842559051327547
META,2022-06-30,0.7686624769710826,0.4763100638997295
META,2022-07-01,0.7628468356485889,0.4727063385027903
META,2022-07-05,0.8017447508087137,0.49680985468910505
META,2022-07-06,0.809276389649867,0.5014769166118304
META,2022-07-07,0.8208123877760112,0.5086253233172843
META,2022-07-08,0.8145677105663741,0.5047557411666425
META,2022-07-11,0.7764324366317792,0.48112480391028417
META,2022-07-12,0.7782916164810529,0.4822768649244996
META,2022-07-13,0.7793403303079829,0.48292671185326586
META,2022-07-14,0.7534084112062188,0.46685771614389354
META,2022-07-15,0.7851082198486196,0.48650084733922455
META,2022-07-18,0.7971684653657932,0.49397410964229327
META,2022-07-19,0.8379254873602348,0.5192296415983113
META,2022-07-20,0.8727715104983825,0.5408223588244534
META,2022-07-21,0.873152867618626,0.5410586709116878
META,2022-07-22,0.8068929624095637,0.5
META,2022-07-25,0.7944037540202036,0.49226092618774087
META,2022-07-26,0.7586519803408689,0.4701069507877251
META,2022-07-27,0.8083707121236371,0.500915703682469
META,2022-07-28,0.7661360134300791,0.4747445132884942
META,2022-07-29,0.7584137325362826,0.46995931794440793
META,2022-08-01,0.7623701209945455,0.4724109370826194
META,2022-08-02,0.7636095498890757,0.47317896267725895
META,2022-08-03,0.8046525714699605,0.49861171738757465
META,2022-08-04,0.8130899608523007,0.5038400374841735
META,2022-08-05,0.7965964661929067,0.4936196641336979
META,2022-08-08,0.8115645323713272,0.5028947891352362
META,2022-08-09,0.8033654638085302,0.49781414712646677
META,2022-08-10,0.8501287691781086,0.526791537900785
META,2022-08-11,0.8460768771561317,0.5242807389406124
META,2022-08-12,0.8604252653947656,0.5331718737670871
META,2022-08-15,0.8622843722290824,0.5343238895367903
META,2022-08-16,0.8555153746134588,0.5301294065440215
META,2022-08-17,0.8334923112329714,0.5164825757954166
META,2022-08-18,0.8325865606917846,0.515921317621543
META,2022-08-19,0.8006483582148836,0.49613046309387043
META,2022-08-22,0.7772429026541229,0.48162701799573326
META,2022-08-23,0.7679951202643959,0.47589652905819746
META,2022-08-24,0.7782438646991959,0.4822472750135191
META,2022-08-25,0.8045572139361604,0.498552628054638
META,2022-08-26,0.771188940512086,0.4778756145109647
META,2022-08-29,0.758747264859712,0.4701659948761495
META,2022-08-30,0.7491658771315987,0.46422878376235993
META,2022-08-31,0.7766708304662794,0.4812725272426257
META,2022-09-01,0.7882544343443666,0.4884504333700357
META,2022-09-02,0.7642293008438192,0.47356299809683483
META,2022-09-06,0.755744159679622,0.4683050880892555
META,2022-09-07,0.7645629061822056,0.4737697202730886
META,2022-09-08,0.7725235078955454,0.47870259370500434
META,2022-09-09,0.8063209632366771,0.49964555449140463
META,2022-09-12,0.8054153587254042,0.4990843868065555
META,2022-09-13,0.729955276878558,0.452324726379288
META,2022-09-14,0.7220422079022043,0.4474213071248162
META,2022-09-15,0.7128897830462775,0.4417499075202171
META,2022-09-16,0.6973497176949703,0.43212033701008334
META,2022-09-19,0.7055964650246673,0.43723052368532117
META,2022-09-20,0.6963962883868835,0.4315295341697415
META,2022-09-21,0.6774716877202861,0.4198026995409673
META,2022-09-22,0.6808085442686763,0.4218704189931395
META,2022-09-23,0.6693203709393462,0.41475164744317833
META,2022-09-26,0.6500620189044486,0.40281800014912594
META,2022-09-27,0.6406712002140215,0.3969988772121852
META,2022-09-28,0.6750405086981258,0.41829619301815646
META,2022-09-29,0.6502527339720487,0.4029361788149992
META,2022-09-30,0.6467727681080014,0.40077978011890986
META,2022-10-03,0.6607399452563059,0.4094346933471745
META,2022-10-04,0.6687006199846026,0.41436761202360245
META,2022-10-05,0.6625036215418656,0.41052757453942895
META,2022-10-06,0.662932657429009,0.41079343129313156
META,2022-10-07,0.636142666552958,0.3941927220763539
META,2022-10-10,0.6377633795527746,0.3951970145137156
META,2022-10-11,0.6127370649622834,0.37968918648919237
META,2022-10-12,0.6077796049365121,0.3766172424664268
META,2022-10-13,0.6210792428407375,0.384858507741879
META,2022-10-14,0.6042521063354787,0.3744313895928935
META,2022-10-17,0.6389551296804048,0.3959354954418869
META,2022-10-18,0.633044203839068,0.3922727259565233
META,2022-10-19,0.635093952726028,0.39354287514758757
META,2022-10-20,0.6269902416970311,0.38852132247175475
META,2022-10-21,0.6197445294273641,0.38403143805881496
META,2022-10-24,0.6183621372470908,0.38317482370928263
META,2022-10-25,0.6554963031066988,0.40618541345883075
META,2022-10-26,0.6188388519011342,0.38347022512945356
META,2022-10-27,0.4668700839029474,0.2893011252129207
META,2022-10-28,0.4728763672780842,0.2930229840312209
META,2022-10-31,0.44408434278945175,0.2751816929121033
META,2022-11-01,0.4538087668182652,0.28120753802529785
META,2022-11-02,0.43159502487765616,0.26744255123307586
META,2022-11-03,0.4238250287094811,0.2626277886002651
META,2022-11-04,0.43278681151276477,0.2681810547835032
META,2022-11-07,0.4610544790879322,0.2856974224382376
META,2022-11-08,0.45986272896030206,0.28495894151006634
META,2022-11-09,0.48369725691568466,0.29972826598416225
META,2022-11-10,0.5332729889052312,0.3304484075017573
META,2022-11-11,0.5387549518743816,0.3338453654779305
META,2022-11-14,0.5444751991555966,0.33738997891967687
META,2022-11-15,0.5581085519206438,0.3458380342381512
META,2022-11-16,0.539755950426933,0.33446564511797233
META,2022-11-17,0.5312708822776928,0.3292077803549052
META,2022-11-18,0.5341310241720396,0.33098009838690645
META,2022-11-21,0.5236914916546824,0.3245111285211994
META,2022-11-22,0.5312232400182713,0.329178258310693
META,2022-11-23,0.5350367382057479,0.3315413339385239
META,2022-11-25,0.5310802402250496,0.32908964693354414
META,2022-11-28,0.5185432800538324,0.32132098321030444
META,2022-11-29,0.5217847425609441,0.3233295907072839
META,2022-11-30,0.5629707639350505,0.3488509567947484
META,2022-12-01,0.5741253319259944,0.3557630061684558
META,2022-12-02,0.588664325709793,0.3647722517940354
META,2022-12-05,0.5836114351352646,0.361641173193821
META,2022-12-06,0.5439985575165102,0.33709462274401814
META,2022-12-07,0.5430927704678448,0.3365333419478884
META,2022-12-08,0.5497664470571467,0.3406687582299768
META,2022-12-09,0.5524835891582719,0.3423524648848292
META,2022-12-12,0.5468109841364784,0.33883737348729503
META,2022-12-13,0.5727429032382425,0.3549063691966674
META,2022-12-14,0.5796071853727093,0.3591598962778607
META,2022-12-15,0.5536753392859021,0.3430909458130005
META,2022-12-16,0.5693107256635307,0.3527795830338147
META,2022-12-19,0.5457146280501268,0.3381580045143165
META,2022-12-20,0.5581561941800653,0.3458675562823634
META,2022-12-21,0.5708837964039257,0.35375435342696415
META,2022-12-22,0.5582992304807656,0.3459561902817684
META,2022-12-23,0.5626847643486073,0.34867373404045077
META,2022-12-27,0.5571551591200354,0.3452472540200654
META,2022-12-28,0.5511488757448986,0.34152539520176517
META,2022-12-29,0.5732672966591861,0.3552313152833067
META,2022-12-30,0.5736486172719509,0.35546760474828487
META,2023-01-03,0.5946229668255083,0.3684645885681234
META,2023-01-04,0.6071599269967254,0.37623325229136306
META,2023-01-05,0.6051101781097654,0.3749631031002988
META,2023-01-06,0.6197922081942642,0.3840609827252833
META,2023-01-09,0.6171703871194606,0.3824363427811114
META,2023-01-10,0.6339499543802549,0.3928339841303969
META,2023-01-11,0.6334731667112544,0.3925385374657137
META,2023-01-12,0.6516827319042652,0.40382229258648766
META,2023-01-13,0.6529699125806523,0.4046199080921077
META,2023-01-17,0.6452474126419849,0.39983457701448477
META,2023-01-18,0.6340928446510411,0.3929225276407774
META,2023-01-19,0.6490132320625616,0.4021681079758474
META,2023-01-20,0.6643627283761824,0.4116795903091322
META,2023-01-23,0.6829536506894365,0.42319965751714045
META,2023-01-24,0.6823338997346928,0.4228156220975645
META,2023-01-25,0.6745161882921392,0.41797129217602935
META,2023-01-26,0.702164323957434,0.4351037601447245
META,2023-01-27,0.7233291695337206,0.4482187868968997
META,2023-01-30,0.701020179581747,0.4343947786385094
META,2023-01-31,0.7101249256707738,0.44003663357664025
META,2023-02-01,0.729907598111658,0.4522951817128197
META,2023-02-02,0.8998475739758338,0.557600336040041
META,2023-02-03,0.8891696476239764,0.5509836428419924
META,2023-02-06,0.8869291836694163,0.5495953149850549
META,2023-02-07,0.913433101944067,0.5660187562030227
META,2023-02-08,0.8743922234981991,0.5418266512618152
META,2023-02-09,0.8481266990580486,0.525550933376189
META,2023-02-10,0.8301553816696242,0.5144148110987322
META,2023-02-13,0.8553246595458587,0.53001122787814825
META,2023-02-14,0.8555630533803589,0.5301589512104898
META,2023-02-15,0.8445039159381721,0.5233060364142312
META,2023-02-16,0.8220040648886843,0.5093637590009432
META,2023-02-17,0.8241015655575014,0.5106634981029882
META,2023-02-21,0.8202879213401106,0.5083003319861328
META,2023-02-22,0.8157117819271043,0.5054646774283454
META,2023-02-23,0.8200972792874675,0.5081821985647716
META,2023-02-24,0.8122318890780138,0.5033083239767682
META,2023-02-27,0.8081799970560369,0.5007975250165957
META,2023-02-28,0.8339213471201149,0.5167484325491193
META,2023-03-01,0.8266756348504478,0.5122585481361794
META,2023-03-02,0.8319668827519979,0.5155373274464793
META,2023-03-03,0.8830680067150396,0.5472026946907556
META,2023-03-06,0.881399614948323,0.5461688575869256
META,2023-03-07,0.8795404350990492,0.5450167965727102
META,2023-03-08,0.8817333663166232,0.5463756702522038
META,2023-03-09,0.8660978704165591,0.5366869651646212
META,2023-03-10,0.855706016666102,0.5302475399653825
META,2023-03-13,0.8623319779810255,0.5343533889587464
META,2023-03-14,0.924873815551368,0.5731081188200521
META,2023-03-15,0.9426542718422783,0.5841259719426112
META,2023-03-16,0.9768805440256826,0.6053346537491775
META,2023-03-17,0.9324531331594215,0.5778047254092457
META,2023-03-20,0.9429403444436786,0.5843032399414211
META,2023-03-21,0.9636763731776927,0.5971525456734302
META,2023-03-22,0.9524741264198489,0.5902109516332545
META,2023-03-23,0.9737821543267495,0.603414702873859
META,2023-03-24,0.9820289016564465,0.6085248895490968
META,2023-03-27,0.9669178721922829,0.5991611757926658
META,2023-03-28,0.956621229945712,0.5927807494373393
META,2023-03-29,0.9788826871606995,0.6065753035182857
META,2023-03-30,0.99075229062523,0.6139304323999933
META,2023-03-31,1.010296569231614,0.6260412572038312
META,2023-04-03,1.015683247681921,0.6293791710915799
META,2023-04-04,1.0235485648764178,0.6342530004350713
META,2023-04-05,1.0081037110289968,0.6246824287688497
META,2023-04-06,1.0301269204393981,0.6383293500064791
META,2023-04-10,1.023691528162161,0.634341589189964
META,2023-04-11,1.0194014613505546,0.6316832026309864
META,2023-04-12,1.0201164238091844,0.6321262368944746
META,2023-04-13,1.0503861615044119,0.650883209073805
META,2023-04-14,1.0558204457066622,0.65425062238351
META,2023-04-17,1.043283485535445,0.6464819586602701
META,2023-04-18,1.0386595943405814,0.6436167141915022
META,2023-04-19,1.0282201348381814,0.6371477895703075
META,2023-04-20,1.015683247681921,0.6293791710915799
META,2023-04-21,1.0148251028926774,0.6288474123396625
META,2023-04-24,1.014348388238634,0.6285520109194915
META,2023-04-25,0.9893698984449567,0.6130738180504611
META,2023-04-26,0.9981885719325833,0.618538404989782
META,2023-04-27,1.137191453394845,0.704673052296141
META,2023-04-28,1.145581164010285,0.7098718277262714
META,2023-05-01,1.1592143707454186,0.7183197925557214
META,2023-05-02,1.1404329524094352,0.7066816824153765
META,2023-05-03,1.129898062358278,0.7001536232167328
META,2023-05-04,1.1131663198942978,0.6897856170229402
META,2023-05-05,1.1096387482783072,0.6875997189048946
META,2023-05-08,1.1119745697666676,0.6890471360947689
META,2023-05-09,1.112451211405754,0.6893424922704275
META,2023-05-10,1.1110688192254807,0.6884858779208952
META,2023-05-11,1.1239870635019842,0.696490808486857
META,2023-05-12,1.114548566044657,0.6906421408834479
META,2023-05-15,1.1386214513270614,0.7055591660676294
META,2023-05-16,1.1384308822893752,0.7054410778907805
META,2023-05-17,1.1559253389938422,0.7162817082590418
META,2023-05-18,1.1767091195097132,0.7291606039020315
META,2023-05-19,1.1709410839391627,0.7255863779270485
META,2023-05-22,1.1837164379448801,0.7335027649826298
META,2023-05-23,1.176184653073813,0.7288356125708801
META,2023-05-24,1.1879589720195003,0.7361316973641634
META,2023-05-25,1.2045476781827804,0.7464110695585512
META,2023-05-26,1.2491182713796556,0.7740297223869123
META,2023-05-30,1.2514064141011159,0.7754475949103182
META,2023-05-31,1.261893406340502,0.7819459737089569
META,2023-06-01,1.2995044328840675,0.8052520553677004
META,2023-06-02,1.2995044328840675,0.8052520553677004
META,2023-06-05,1.2936887915615738,0.8016483299707612
META,2023-06-06,1.2924015378702296,0.8008506692206289
META,2023-06-07,1.2565545526870088,0.7786376949767009
META,2023-06-08,1.2612261956637294,0.7815325293564493
META,2023-06-09,1.262989944964246,0.782625455793216
META,2023-06-12,1.2920678595168864,0.800643901799863
META,2023-06-13,1.2933551132082304,0.8014415625499951
META,2023-06-14,1.3030320775150148,0.807437998730258
META,2023-06-15,1.343455056081328,0.832486537042949
META,2023-06-16,1.3394985215931514,0.8300348274157132
META,2023-06-20,1.3553724113277157,0.8398712558356373
META,2023-06-21,1.3425493785550981,0.8319253241135875
META,2023-06-22,1.3579942324025192,0.8414958957798091
META,2023-06-23,1.37634683389623,0.8528682848999879
META,2023-06-26,1.3274383490909345,0.8225616103571566
META,2023-06-27,1.3683384073860763,0.8479057763125796
META,2023-06-28,1.35994884280055,0.8427070913714734
META,2023-06-29,1.3420251311640687,0.8316004685159728
META,2023-06-30,1.3680047290327328,0.8476990088918135
META,2023-07-03,1.3634284435898125,0.8448632638450018
META,2023-07-05,1.403232109291124,0.86952803820519
META,2023-07-06,1.3918867532176231,0.8624977649210972
META,2023-07-07,1.3849272595792703,0.8581852389959918
META,2023-07-10,1.401945001629694,0.8687304679440823
META,2023-07-11,1.4219183891381781,0.8811071947461349
META,2023-07-12,1.4745925473341364,0.9137473097613045
META,2023-07-13,1.493993935669734,0.9257695910547618
META,2023-07-14,1.4723518643347053,0.9123588461708303
META,2023-07-17,1.4806941152281163,0.9175282126680292
META,2023-07-18,1.4875107916106398,0.9217522403272662
META,2023-07-19,1.5063877865252941,0.9334495755340844
META,2023-07-20,1.4420823456843488,0.8936020097250365
META,2023-07-21,1.4027075698402667,0.8692030016295264
META,2023-07-24,1.3900752521352493,0.86137524857335
META,2023-07-25,1.4037087509302106,0.8698233943808489
META,2023-07-26,1.4232531025515516,0.881934264429199
META,2023-07-27,1.4858901516257803,0.9207479931344168
META,2023-07-28,1.5515303058800989,0.9614226286265286
META,2023-07-31,1.518734031628911,0.9411000605914508
META,2023-08-01,1.5383258429722813,0.9532403395727326
META,2023-08-02,1.4982840024813402,0.9284279776137392
META,2023-08-03,1.492945294857761,0.9251197893705078
META,2023-08-04,1.4812185086490597,0.9178531587546683
META,2023-08-07,1.5090096076000976,0.9350742154782562
META,2023-08-08,1.4903234737829576,0.9234951494263359
META,2023-08-09,1.4549050863971382,0.9015477604690372
META,2023-08-10,1.4574316959680558,0.903113401569297
META,2023-08-11,1.4378874903766288,0.8910026220099713
META,2023-08-14,1.4595767293738588,0.9044425948487856
META,2023-08-15,1.439365313105659,0.8919183709369523
META,2023-08-16,1.4028506791559237,0.8692916808734434
META,2023-08-17,1.3589952674625492,0.8421161980421071
META,2023-08-18,1.3502241267119086,0.83668106528023
META,2023-08-21,1.3819240083692663,0.8563242417200733
META,2023-08-22,1.3709600824309658,0.849530325767727
META,2023-08-23,1.4026123583363805,0.8691440027856142
META,2023-08-24,1.3669081904089888,0.8470195268075544
META,2023-08-25,1.360949585800752,0.8433272126557225
META,2023-08-28,1.38364015191784,0.8573876687348838
META,2023-08-29,1.420488172161091,0.8802209452411098
META,2023-08-30,1.4067118561103005,0.8716843011677428
META,2023-08-31,1.410477967590705,0.8740180131071543
META,2023-09-01,1.4128135700341944,0.8754652945634919
META,2023-09-05,1.4307847413927048,0.8866013263519241
META,2023-09-06,1.4261130984159842,0.8837064919721757
META,2023-09-07,1.423729744190638,0.8822296206048577
META,2023-09-08,1.4200115305220045,0.8799255890654512
META,2023-09-11,1.466107479184896,0.90848944499823725
META,2023-09-12,1.437982701880515,0.8910616208538835
META,2023-09-13,1.4541902699684226,0.9011048166945735
META,2023-09-14,1.4859377573777233,0.9207774925563729
META,2023-09-15,1.4315473096032776,0.8870738600373683
META,2023-09-18,1.4422253089700918,0.8936905984799292
META,2023-09-19,1.4542380217502795,0.901134406605554
META,2023-09-20,1.4284967447011585,0.8851835443175426
META,2023-09-21,1.4097151073203043,0.8735452984436611
META,2023-09-22,1.425683916498927,0.8834405447294488
META,2023-09-25,1.434026021362424,0.8886098207376232
META,2023-09-26,1.4251120633559544,0.8830861897098777
META,2023-09-27,1.4192965680633747,0.879482554801963
META,2023-09-28,1.4489466278188154,0.8978555368062298
META,2023-09-29,1.431070813994105,0.886778594350734
META,2023-10-02,1.4625799805838626,0.906303592124704
META,2023-10-03,1.4345505608132816,0.8889348573132868
META,2023-10-04,1.4566689817275689,0.9026407773948282
META,2023-10-05,1.4529031623069923,0.9003072464334657
META,2023-10-06,1.5036230021647474,0.9317363468350197
META,2023-10-09,1.517589887253224,0.9403910790852357
META,2023-10-10,1.5341787394464181,0.9506705417686478
META,2023-10-11,1.5626848008560859,0.9683346327557238
META,2023-10-12,1.5452378768886048,0.9575234565649063
META,2023-10-13,1.500095503563714,0.9295504939614865
META,2023-10-16,1.5308895616649278,0.9486323669829438
META,2023-10-17,1.5444751626481181,0.9570508323904378
META,2023-10-18,1.5109639259383005,0.9362852300918717
META,2023-10-19,1.4911337937753872,0.9239972730227605
META,2023-10-20,1.4713032235227321,0.9117090444865761
META,2023-10-23,1.496853931534167,0.9275418185977387
META,2023-10-24,1.4898942918659002,0.9232292021836088
META,2023-10-25,1.427829387994472,0.8847700094760107
META,2023-10-26,1.3745351867839424,0.8517456780632164
META,2023-10-27,1.414481961800911,0.8764991316673219
META,2023-10-30,1.4427497023910354,0.8940155445665684
META,2023-10-31,1.4361235950461981,0.8899096050841803
META,2023-11-01,1.486557508332467,0.9211615279759487
META,2023-11-02,1.4818858653557463,0.9182666935962003
META,2023-11-03,1.4996664676765705,0.9292846372077838
META,2023-11-06,1.5053867514652641,0.9328292732717863
META,2023-11-07,1.5197828184707982,0.9417499527647294
META,2023-11-08,1.5243591039137185,0.9445856978115411
META,2023-11-09,1.5280294197705813,0.9468600489509428
META,2023-11-10,1.567213334517149,0.971140787891555
META,2023-11-13,1.569215550667123,0.9723814829051755
META,2023-11-14,1.60315567723417,0.9934128514684196
META,2023-11-15,1.5859948258680894,0.9827789432764121
META,2023-11-16,1.5930499691000701,0.987150739512503
META,2023-11-17,1.597101861122047,0.9896615384726756
META,2023-11-20,1.620602601201651,1.0042240276592371
META,2023-11-21,1.6063496435117741,0.9953920274102114
META,2023-11-22,1.627848459501232,1.0087140025612014
META,2023-11-24,1.6123083941499248,0.9990844320510677
META,2023-11-27,1.5954812211371876,0.9886572912798262
META,2023-11-28,1.6159309582249304,1.0013291932794888
META,2023-11-29,1.583564011920714,0.9812726629761623
META,2023-11-30,1.5594909806083956,0.9663555473029566
META,2023-12-01,1.5483842374142658,0.9594731330847419
META,2023-12-04,1.5255031022594916,0.9452945888287317
META,2023-12-05,1.5172563549297946,0.940184402153494
META,2023-12-06,1.5132520686597608,0.9377031026152776
META,2023-12-07,1.556821553781649,0.9647014079368285
META,2023-12-08,1.5861856869656035,0.9828972124313098
META,2023-12-11,1.550576876572012,0.9608318257861868
META,2023-12-12,1.5931929323858134,0.9872393282673958
META,2023-12-13,1.5956717901748738,0.988775379456675
META,2023-12-14,1.5881877570856635,0.9841378169559059
META,2023-12-15,1.5965298619491606,0.9893070929640803
META,2023-12-18,1.6427686278678815,1.0179594471627347
META,2023-12-19,1.670130690931776,1.03491464713262
META,2023-12-20,1.664982406315969,1.0317244565772128
META,2023-12-21,1.6879111472226862,1.0459325002551791
META,2023-12-22,1.684574509719167,1.0438649165365435
META,2023-12-26,1.6914386458237196,1.0481183531287124
META,2023-12-27,1.7057395013253676,1.056980033777743
META,2023-12-28,1.7080752497987708,1.0584274057231051
META,2023-12-29,1.6872915422978567,1.0455485553246275
META,2024-01-02,1.6507294486260922,1.0228924563281871
META,2024-01-03,1.6420536654092517,1.0175164128992467
META,2024-01-04,1.6546858370843551,1.0253440754663985
META,2024-01-05,1.6777102275847002,1.0396113894553503
META,2024-01-08,1.7096960358135442,1.059431743404979
META,2024-01-09,1.7038327887391076,1.0557985185860836
META,2024-01-10,1.765993050144336,1.0943168006266184
META,2024-01-11,1.7621796249718162,1.0919537702432998
META,2024-01-12,1.7851559716304766,1.106191313343222
META,2024-01-16,1.751644734920659,1.085425711044656
META,2024-01-17,1.7559824074842083,1.0881135970255895
META,2024-01-18,1.792973829102944,1.1110357337537815
META,2024-01-19,1.827867531007992,1.132657995646392
META,2024-01-22,1.8199067102497812,1.1277249864809398
META,2024-01-23,1.836209489841575,1.137827181165542
META,2024-01-24,1.8624274085297825,1.1540733996292123
META,2024-01-25,1.874249260212456,1.1613989385999395
META,2024-01-26,1.8788256916852903,1.1642347741357755
META,2024-01-29,1.9116218199065642,1.184557251681829
META,2024-01-30,1.9070456804935578,1.1817215971240418
META,2024-01-31,1.8597581277329498,1.1524193507521086
META,2024-02-01,1.8818764026173234,1.1661251803446258
META,2024-02-02,2.2642293008438195,1.4030543122363603
META,2024-02-05,2.1899609691246034,1.3570331327372642
META,2024-02-06,2.1676042273907727,1.3431795345678934
META,2024-02-07,2.2384878777647845,1.3871033594593245
META,2024-02-08,2.2404426341927293,1.3883146455400133
META,2024-02-09,2.2314328805627177,1.382731653712258
META,2024-02-12,2.235198992043122,1.3850653656516694
META,2024-02-13,2.1933455044398933,1.3591303968559045
META,2024-02-14,2.2560777650180084,1.3980031244050346
META,2024-02-15,2.307322144326621,1.4297572613822525
META,2024-02-16,2.2562686261155225,1.3981213935599324
META,2024-02-20,2.248784593026312,1.393483831059163
META,2024-02-21,2.2334188873922445,1.3839623044441693
META,2024-02-22,2.3197913466177718,1.4374839381981679
META,2024-02-23,2.309770189803841,1.4312742193873822
META,2024-02-26,2.2988424792841964,1.4245027447130882
META,2024-02-27,2.324181589950338,1.4402044002278875
META,2024-02-28,2.309722438021984,1.4312446294764016
META,2024-02-29,2.3388792087281494,1.4493119395562273
META,2024-03-01,2.396953699171368,1.4852984291829276
META,2024-03-04,2.377341151580219,1.4731453007601802
META,2024-03-05,2.3393086827050347,1.4495780677770032
META,2024-03-06,2.3673199947662877,1.466935581949394
META,2024-03-07,2.4441485229366267,1.5145432150243634
META,2024-03-08,2.4143715631859757,1.4960915980578886
META,2024-03-11,2.307670425671358,1.4299730777054591
META,2024-03-12,2.384785464532839,1.4777582502463114
META,2024-03-13,2.3648386544686906,1.4653979924467002
META,2024-03-14,2.3469916085370257,1.4543388763290124
META,2024-03-15,2.310104306246926,1.4314812582752212
META,2024-03-18,2.371567128783197,1.4695673647351968
META,2024-03-19,2.3680356873744874,1.4673790686580044
META,2024-03-20,2.4123195508353494,1.4948200462869456
META,2024-03-21,2.4230087945055367,1.5014437523843858
META,2024-03-22,2.4316936315770414,1.5068254061328394
META,2024-03-25,2.4003896370163633,1.4874275454381587
META,2024-03-26,2.3663656892787173,1.466344236174906
META,2024-03-27,2.3566785028779575,1.4603414657629348
META,2024-03-28,2.3171666049446897,1.435857488473508
META,2024-04-01,2.3447008372771148,1.4529193750031673
META,2024-04-02,2.373428134006395,1.470720556862217
META,2024-04-03,2.4181413254142283,1.49842757222291
META,2024-04-04,2.4380881354783766,1.510787830022521
META,2024-04-05,2.516443552428828,1.5593416163366713
META,2024-04-08,2.4778385002611016,1.5354195758888014
META,2024-04-09,2.4666245711101427,1.5284707427266733
META,2024-04-10,2.4806060591900128,1.5371345238793295
META,2024-04-11,2.496496450304852,1.5469811775590117
META,2024-04-12,2.442764597442257,1.5136856505400749
META,2024-04-15,2.387076089762836,1.479177661083132
META,2024-04-16,2.3848330702847815,1.4777877496682672
META,2024-04-17,2.358158077965955,1.4612583005582087
META,2024-04-18,2.3945680084673984,1.483820109991219
META,2024-04-19,2.2956451543185716,1.422521487523735
META,2024-04-22,2.2987947275023393,1.4244731548021077
META,2024-04-23,2.367367746548145,1.4669651718603747
META,2024-04-24,2.3549606069704168,1.4592769528798315
META,2024-04-25,2.1062462543327074,1.305158399227441
META,2024-04-26,2.1153607114110113,1.310806271685695
META,2024-04-29,2.0644438771993565,1.279255101590218
META,2024-04-30,2.0527527222896556,1.2720105502963335
META,2024-05-01,2.0957956235418913,1.2986825521958791
META,2024-05-02,2.1076779316089342,1.30604555362271
META,2024-05-03,2.156733468537563,1.3364433506131175
META,2024-05-06,2.222204812211372,1.377013380793017
META,2024-05-07,2.234420944661672,1.3845832401296383
META,2024-05-08,2.2552268487095044,1.3974758448598252
META,2024-05-09,2.268683797338517,1.4058145894368181
META,2024-05-10,2.272405953814827,1.4081210641798836
META,2024-05-13,2.2333235298584446,1.383903215111233
META,2024-05-14,2.2516478015488515,1.3952580493606768
META,2024-05-15,2.297888027766712,1.4239113084495756
META,2024-05-16,2.258233020517787,1.3993386519162319
META,2024-05-17,2.25193416621008,1.3954354983375357
META,2024-05-20,2.2372841531842114,1.386357458431152
META,2024-05-21,2.217194233804406,1.3739085213876239
META,2024-05-22,2.232225822995389,1.3832230091147784
META,2024-05-23,2.222682037970114,1.3773090989247732
META,2024-05-24,2.282045242403816,1.4140941541918497
META,2024-05-28,2.290157642212692,1.4191210909646348
META,2024-05-29,2.2636253211197808,1.4026800496314202
META,2024-05-30,2.22874227939845,1.3810643934375912
META,2024-05-31,2.227692470347166,1.380413867841142
META,2024-06-03,2.278561698806877,1.4119355385146624
META,2024-06-04,2.276175570013166,1.4104569478558806
META,2024-06-05,2.3624049199230366,1.4638899023659624
META,2024-06-06,2.356201423149129,1.4600458381202026
META,2024-06-07,2.3523837631091054,1.4576801835551763
META,2024-06-10,2.3983855224775086,1.4861856740672212
META,2024-06-11,2.421624869011167,1.5005861879000972
META,2024-06-12,2.4281624822281596,1.504637291033696
META,2024-06-13,2.4055434707689,1.4906211745764932
META,2024-06-14,2.408218446732376,1.4922787525255488
META,2024-06-17,2.420016787598906,1.4995897227633466
META,2024-06-18,2.385911063109456,1.4784557396464268
META,2024-06-20,2.3964677116177895,1.484997281709707
META,2024-06-21,2.3634129644189352,1.4645145481014317
META,2024-06-24,2.3831407296121796,1.476739072364435
META,2024-06-25,2.4389803782525243,1.5113407179616372
META,2024-06-26,2.4510174780283394,1.5187996377543376
META,2024-06-27,2.481779263518573,1.5378615127014015
META,2024-06-28,2.4085049574235184,1.492456291991432
META,2024-07-01,2.4107021235085964,1.4938177898526332
META,2024-07-02,2.433725929889286,1.5080847418854872
META,2024-07-03,2.4359232420042782,1.5094463302357133
META,2024-07-05,2.578984951909429,1.5980960747309039
META,2024-07-08,2.5283998976622364,1.5667504956988758
META,2024-07-09,2.5316481870678245,1.5687633335577462
META,2024-07-10,2.554050636164717,1.5826452547917558
META,2024-07-11,2.449011465100603,1.5175565900260826
META,2024-07-12,2.3829497224847516,1.4766207127205127
META,2024-07-15,2.3700047547339977,1.4685992226630848
META,2024-07-16,2.339577377746677,1.449744567581909
META,2024-07-17,2.206785075509148,1.367458373238993
META,2024-07-18,2.272990219500484,1.4084831107665288
META,2024-07-19,2.2774803472941825,1.4112654672889415
META,2024-07-22,2.328161051135003,1.4426703166319552
META,2024-07-23,2.3343229293834384,1.4464885915057593
META,2024-07-24,2.2033459250060456,1.3653272662252252
META,2024-07-25,2.165801050013493,1.342062176094537
META,2024-07-26,2.224506827774656,1.3784398497737411
META,2024-07-29,2.224554433526599,1.3784693491956974
META,2024-07-30,2.21251718772087,1.3710103389139723
META,2024-07-31,2.268117931422016,1.4054639444672479
META,2024-08-01,2.3775520187759422,1.4732759669114215
META,2024-08-02,2.331695705201819,1.444860603467684
META,2024-08-05,2.272417052088286,1.4081279413457382
META,2024-08-06,2.360117069261404,1.4624722108206052
META,2024-08-07,2.3354216584558913,1.4471694309253842
META,2024-08-08,2.434346995113255,1.508469591706283
META,2024-08-09,2.473229212057632,1.532563380322474
META,2024-08-12,2.464535759221205,1.5271763877215807
META,2024-08-13,2.524674090438078,1.5644417587302002
META,2024-08-14,2.5161716447290794,1.5591731257732286
META,2024-08-15,2.566661487472386,1.5904597059613446
META,2024-08-16,2.519324138511126,1.5611266028320894
META,2024-08-19,2.5282091825946362,1.5666323170330025
META,2024-08-20,2.5160282433535945,1.559084265551263
META,2024-08-21,2.556295700061566,1.5840364330529622
META,2024-08-22,2.540867055534592,1.5744759056684496
META,2024-08-23,2.5220949100981436,1.5628435415811543
META,2024-08-26,2.489231170026718,1.5424791676168015
META,2024-08-27,2.4795820974334952,1.5365000148402002
META,2024-08-28,2.468500471384562,1.5296331647341832
META,2024-08-29,2.4753784803309387,1.5338951977836703
META,2024-08-30,2.4901385999119148,1.5430414664144556
META,2024-09-03,2.4445211912769906,1.5147741430146455
META,2024-09-04,2.449202326198117,1.5176748591809803
META,2024-09-05,2.4688824856394183,1.5298698840220273
META,2024-09-06,2.389637016363528,1.4807645671041267
META,2024-09-09,2.4112276851688517,1.4941434598514678
META,2024-09-10,2.4112276851688517,1.4941434598514678
META,2024-09-11,2.4448554537499896,1.514981272391509
META,2024-09-12,2.5106303936148713,1.555739429253147
META,2024-09-13,2.5059495507535727,1.5528388940648612
META,2024-09-16,2.5497459663617175,1.579977819330338
META,2024-09-17,2.5642809078154043,1.5889845538854903
META,2024-09-18,2.5720742322623305,1.5938137721399497
META,2024-09-19,2.6731976111842557,1.656475973716196
META,2024-09-20,2.683955342884079,1.663142119166082
META,2024-09-23,2.698586079961308,1.6722082145212445
META,2024-09-24,2.6934224622045377,1.6690085226182747
META,2024-09-25,2.7172329317315995,1.6837629390256
META,2024-09-26,2.714986115475783,1.6823706748961005
META,2024-09-27,2.71269081728854,1.6809483684104987
META,2024-09-30,2.7369796808136555,1.6959992268617756
META,2024-10-01,2.7562480358976575,1.7079390726539996
META,2024-10-02,2.7387486871910736,1.6970954109034206
META,2024-10-03,2.786369918305025,1.7266044246961199
META,2024-10-04,2.8493391854334575,1.7656240159318595
META,2024-10-07,2.7959804390009686,1.7325596883702783
META,2024-10-08,2.8347563461679997,1.7565876009767023
META,2024-10-09,2.823376819094638,1.7495361532608988
META,2024-10-10,2.791438032498081,1.7297449367771283
META,2024-10-11,2.820699506652539,1.747877127487453
META,2024-10-14,2.822946322908355,1.749269391616952
META,2024-10-15,2.8031043623224132,1.736974104936864
META,2024-10-16,2.757777845276049,1.7088870356736692
META,2024-10-17,2.758447538461359,1.7093020183395917
META,2024-10-18,2.7562480358976575,1.7079390726539996
META,2024-10-21,2.749984520829123,1.7040578174192098
META,2024-10-22,2.782736401986474,1.7243528767908685
META,2024-10-23,2.695143570770185,1.6700750262599149
META,2024-10-24,2.7146990206649853,1.6821927734741198
META,2024-10-25,2.740852394131233,1.6983989957890027
META,2024-10-28,2.764328163095554,1.712946011352391
META,2024-10-29,2.8366211481689603,1.7577431458183574
META,2024-10-30,2.829544538539631,1.7533580476956792
META,2024-10-31,2.7137428167885336,1.6816002513423143
META,2024-11-01,2.711734613412088,1.6803558462786932
META,2024-11-04,2.680752030691983,1.6611571519267285
META,2024-11-05,2.7369317830018844,1.6959695464617706
META,2024-11-06,2.735114878812695,1.6948436820201205
META,2024-11-07,2.8290667286612328,1.753061967607825
META,2024-11-08,2.817782997211413,1.7460698806920312
META,2024-11-11,2.7882823260579284,1.727789468959731
META,2024-11-12,2.7961714461283966,1.7326780480142003
META,2024-11-13,2.7731258812905306,1.7183976131167098
META,2024-11-14,2.7595471437132955,1.7099834006933632
META,2024-11-15,2.6491958424699384,1.6416030166869002
META,2024-11-18,2.650725943908158,1.6425511606846184
META,2024-11-19,2.6827126283164855,1.6623720575683936
META,2024-11-20,2.703893391153391,1.6754969476242287
META,2024-11-21,2.69227495914083,1.6682974598644982
META,2024-11-22,2.6733892024313395,1.6565946953162156
META,2024-11-25,2.7019330855887165,1.6742822229606127
META,2024-11-26,2.7422388021341395,1.6992580985867063
META,2024-11-27,2.7214885354835165,1.6863999701748176
META,2024-11-29,2.7459684061360603,1.7015691882700166
META,2024-12-02,2.83446954341703,1.7564098805327706
META,2024-12-03,2.9340152151487926,1.8180944386893425
META,2024-12-04,2.9346367184625035,1.8184795599772112
META,2024-12-05,2.9114474601893248,1.804110083879706
META,2024-12-06,2.98240135095194,1.8480774339918764
META,2024-12-09,2.9336326167742808,1.8178573574454007
META,2024-12-10,2.9611247924914923,1.8348931831360311
META,2024-12-11,3.025002073624778,1.8744754351255228
META,2024-12-12,3.015965450490602,1.868875793317277
META,2024-12-13,2.9660492132492355,1.837944654017025
META,2024-12-16,2.98705590842873,1.8509616811557692
META,2024-12-17,2.964087447385422,1.8367290244631649
META,2024-12-18,2.8576187894937903,1.7707545626375887
META,2024-12-19,2.8498669375424215,1.7659510432660601
META,2024-12-20,2.8004845856664047,1.735350731839034
META,2024-12-23,2.8703470488522633,1.7786417669827992
META,2024-12-24,2.9081495206129984,1.8020664797525379
META,2024-12-26,2.8870949276217335,1.7890197722137886
META,2024-12-27,2.8701557496650074,1.7785232263608284
META,2024-12-30,2.8291473371737252,1.7531119175492966
MSFT,2022-01-03,2.1238444347484853,1
MSFT,2022-01-04,2.087426518430395,0.9828528324757443
MSFT,2022-01-05,2.007294746969734,0.9451232463772453
MSFT,2022-01-06,1.9914335440168345,0.937655089720669
MSFT,2022-01-07,1.9924486069750718,0.9381330263066212
MSFT,2022-01-10,1.9939082317533743,0.9388202822818806
MSFT,2022-01-11,1.9984124494790154,0.9409410674260028
MSFT,2022-01-12,2.0192857989215898,0.9507691645790066
MSFT,2022-01-13,1.933824648966498,0.9105302711097623
MSFT,2022-01-14,1.9680853081952627,0.926661706476789
MSFT,2022-01-18,1.9201836727619774,0.9041074955140835
MSFT,2022-01-19,1.9244979882981714,0.9061388662988769
MSFT,2022-01-20,1.9135221979470103,0.9009709782127323
MSFT,2022-01-21,1.8781831088160403,0.8843317702967557
MSFT,2022-01-24,1.8803401672629085,0.8853474089243201
MSFT,2022-01-25,1.8303450389691807,0.8618074888267124
MSFT,2022-01-26,1.8824972257097767,0.8863630475518844
MSFT,2022-01-27,1.9023553135516567,0.8957131145892715
MSFT,2022-01-28,1.9557772228811081,0.9208665149303742
MSFT,2022-01-31,1.9730340877409693,0.9289918110102185
MSFT,2022-02-01,1.9589495429286712,0.9223601836735553
MSFT,2022-02-02,1.9887685568059326,0.9364002957407994
MSFT,2022-02-03,1.9113015739137162,0.8999254100925056
MSFT,2022-02-04,1.9410576181319246,0.9139358732560809
MSFT,2022-02-07,1.909398380527636,0.8990293023762614
MSFT,2022-02-08,1.932301855886685,0.9098132727011695
MSFT,2022-02-09,1.9744939111617297,0.9296791605151428
MSFT,2022-02-10,1.9184709774927171,0.9033010827461619
MSFT,2022-02-11,1.8719018356648827,0.8813742687733912
MSFT,2022-02-14,1.8716479706040945,0.8812547378620709
MSFT,2022-02-15,1.9063527943680096,0.897595305559076
MSFT,2022-02-16,1.9041274029157336,0.8965474927268995
MSFT,2022-02-17,1.8483704514974215,0.8702946511787778
MSFT,2022-02-18,1.8305691076613317,0.8619129902883473
MSFT,2022-02-22,1.8292338330614746,0.8612842838831085
MSFT,2022-02-23,1.7818693268334873,0.8389829771334
MSFT,2022-02-24,1.8729113366343075,0.8818495865287355
MSFT,2022-02-25,1.8902041557789908,0.889991811477867
MSFT,2022-02-28,1.8996138489945862,0.8944223116885426
MSFT,2022-03-01,1.8752000950305516,0.8829272353239096
MSFT,2022-03-02,1.9085146202338599,0.8986131888985901
MSFT,2022-03-03,1.8813673474110582,0.885831050819811
MSFT,2022-03-04,1.842839450908546,0.8676904111984939
MSFT,2022-03-07,1.7732228179399168,0.8349118178940019
MSFT,2022-03-08,1.7537683715718408,0.8257518031350208
MSFT,2022-03-09,1.8341929420149754,0.8636192519590957
MSFT,2022-03-10,1.8156921780857442,0.8549082731197147
MSFT,2022-03-11,1.7805980151049712,0.8383843872801527
MSFT,2022-03-14,1.7575195357407938,0.8275180173207586
MSFT,2022-03-15,1.8256101973502883,0.8595781157420246
MSFT,2022-03-16,1.8716398262633338,0.8812509031458235
MSFT,2022-03-17,1.876916564506506,0.883735425155458
MSFT,2022-03-18,1.9100399956656215,0.8993314031928222
MSFT,2022-03-21,1.901965775692341,0.8955297029170499
MSFT,2022-03-22,1.9331182763873413,0.9101976796225517
MSFT,2022-03-23,1.9040640359717653,0.8965176567639017
MSFT,2022-03-24,1.9333729360179597,0.9103175846525303
MSFT,2022-03-25,1.9307027841031605,0.9090603589013819
MSFT,2022-03-28,1.9753339701148382,0.9300746974666088
MSFT,2022-03-29,2.0052785260252906,0.9441739202818611
MSFT,2022-03-30,1.9954240723471721,0.9395340071522135
MSFT,2022-03-31,1.9601390139646642,0.9229202393049999
MSFT,2022-04-01,1.9671961845551318,0.9262430676981742
MSFT,2022-04-04,2.002481044295182,0.9428567420157232
MSFT,2022-04-05,1.9764783493129603,0.9306135218641959
MSFT,2022-04-06,1.9041274029157336,0.8965474927268995
MSFT,2022-04-07,1.9160161540019354,0.9021452431514073
MSFT,2022-04-08,1.8880429258405134,0.8889742087273466
MSFT,2022-04-11,1.8135939178063198,0.853920319272863
MSFT,2022-04-12,1.7932497518707402,0.8443413851462734
MSFT,2022-04-13,1.8285985744821316,0.860985176015814
MSFT,2022-04-14,1.779072242388294,0.8376659859265914
MSFT,2022-04-18,1.7834584664941324,0.8397312144499591
MSFT,2022-04-19,1.8138485774369382,0.8540402243028415
MSFT,2022-04-20,1.8205875228103616,0.857213218173375
MSFT,2022-04-21,1.7853024644278537,0.8405994503261613
MSFT,2022-04-22,1.7421972497753107,0.8203036066441604
MSFT,2022-04-25,1.7847303741500213,0.8403300848922001
MSFT,2022-04-26,1.7179745898554688,0.8088985058168437
MSFT,2022-04-27,1.8006243531084218,0.8478136739434305
MSFT,2022-04-28,1.8413774424207523,0.8670020328672594
MSFT,2022-04-29,1.7643854136446113,0.8307507766469522
MSFT,2022-05-02,1.8085716405513084,0.8515556087635425
MSFT,2022-05-03,1.79146971680836,0.8435032658220627
MSFT,2022-05-04,1.8436026352305708,0.8680497521697713
MSFT,2022-05-05,1.763305195960288,0.8302421623310212
MSFT,2022-05-06,1.7466476353949474,0.8223990452491841
MSFT,2022-05-09,1.6821168452677557,0.7920150919466751
MSFT,2022-05-10,1.7133970730629804,0.8067432082264953
MSFT,2022-05-11,1.6564956431253173,0.7799514955159541
MSFT,2022-05-12,1.6234356782313988,0.76438540020642
MSFT,2022-05-13,1.6601196761214185,0.7816578507163671
MSFT,2022-05-16,1.6625352677268281,0.7827952182023693
MSFT,2022-05-17,1.6963585162640002,0.7987207012480131
MSFT,2022-05-18,1.619123547762238,0.7623550582479369
MSFT,2022-05-19,1.6131334844538936,0.7595346712128319
MSFT,2022-05-20,1.6094374435669194,0.7577944115090124
MSFT,2022-05-23,1.6609910212615961,0.7820681185900029
MSFT,2022-05-24,1.6544272785357588,0.7789776178836202
MSFT,2022-05-25,1.672907582291859,0.7876789631675505
MSFT,2022-05-26,1.6944469798947017,0.7978206652858572
MSFT,2022-05-27,1.7412205248113866,0.8198437212834703
MSFT,2022-05-31,1.732490188800717,0.8157330925256236
MSFT,2022-06-01,1.7359956322496428,0.8173836105162885
MSFT,2022-06-02,1.7497597667778635,0.8238643745040006
MSFT,2022-06-03,1.7207013548706782,0.8101823875223945
MSFT,2022-06-06,1.712608462506385,0.8063718954581528
MSFT,2022-06-07,1.7365053487957947,0.8176236076355748
MSFT,2022-06-08,1.7231867692999274,0.811352630685493
MSFT,2022-06-09,1.687373123337797,0.7944899804008588
MSFT,2022-06-10,1.6121780142329307,0.7590847935262508
MSFT,2022-06-13,1.543800810878376,0.7268897785638426
MSFT,2022-06-14,1.5580114936512381,0.7335807972375079
MSFT,2022-06-15,1.6043396821780271,0.7553941597271553
MSFT,2022-06-16,1.5610704881767512,0.7350211073070518
MSFT,2022-06-17,1.578148475503561,0.7430621799239511
MSFT,2022-06-21,1.6169570537986349,0.7613349769613055
MSFT,2022-06-22,1.6130699188674678,0.7595047417201696
MSFT,2022-06-23,1.6495840774562562,0.7766972243669095
MSFT,2022-06-24,1.7059173899652387,0.8032214422367807
MSFT,2022-06-27,1.688010765626631,0.7947902106241281
MSFT,2022-06-28,1.6344177258199737,0.7695562344769985
MSFT,2022-06-29,1.658506103438491,0.7808981092510658
MSFT,2022-06-30,1.636648182654918,0.7706064323156214
MSFT,2022-07-01,1.6541724202626829,0.778857619323977
MSFT,2022-07-05,1.6750108086327231,0.7886692552560165
MSFT,2022-07-06,1.6964222804928837,0.7987507242703401
MSFT,2022-07-07,1.7103777077077544,0.805321557325033
MSFT,2022-07-08,1.705662333049705,0.8031013501474729
MSFT,2022-07-11,1.6855889167838078,0.7936498969536921
MSFT,2022-07-12,1.6165111014813662,0.761125002864346
MSFT,2022-07-13,1.6104571746229095,0.7582745460420818
MSFT,2022-07-14,1.619123547762238,0.7623550582479369
MSFT,2022-07-15,1.6359471734221158,0.7702763661293544
MSFT,2022-07-18,1.620206943725883,0.7628651690385011
MSFT,2022-07-19,1.653853996403181,0.7787076912716715
MSFT,2022-07-20,1.6713142711396047,0.7869287617280354
MSFT,2022-07-21,1.687691944482214,0.7946400955124935
MSFT,2022-07-22,1.6591430504787235,0.7811980121205093
MSFT,2022-07-25,1.6493930827332923,0.7766072955944254
MSFT,2022-07-26,1.6052314874913354,0.7558140611562417
MSFT,2022-07-27,1.7125441023501289,0.8063415918468321
MSFT,2022-07-28,1.7614216681775081,0.8293553140515695
MSFT,2022-07-29,1.7890146946751209,0.8423473326976435
MSFT,2022-08-01,1.7716175882402077,0.8341560046746127
MSFT,2022-08-02,1.751289512343692,0.8245846464508533
MSFT,2022-08-03,1.8000385565010164,0.8475378549626139
MSFT,2022-08-04,1.8075583653751894,0.8510785139445716
MSFT,2022-08-05,1.80284299071714,0.8488583067670116
MSFT,2022-08-08,1.786337788916764,0.8410869269378997
MSFT,2022-08-09,1.7989555578222867,0.8470279312313789
MSFT,2022-08-10,1.8426710021045176,0.8676110980429387
MSFT,2022-08-11,1.8290334028217756,0.8611899124515575
MSFT,2022-08-12,1.8601954383547399,0.8758623785809586
MSFT,2022-08-15,1.870136301501906,0.8805429771146941
MSFT,2022-08-16,1.8652933983860895,0.8782627238924802
MSFT,2022-08-17,1.8603760043486808,0.8759473970460527
MSFT,2022-08-18,1.8530321926919242,0.8724896053469039
MSFT,2022-08-19,1.8273600387591162,0.8604020185572208
MSFT,2022-08-22,1.7737178349442078,0.8351448938181101
MSFT,2022-08-23,1.7653520078431988,0.8312058919947493
MSFT,2022-08-24,1.761200976407136,0.8292514025942324
MSFT,2022-08-25,1.780742030886717,0.8384521962869659
MSFT,2022-08-26,1.7120284265302497,0.8060987888376087
MSFT,2022-08-29,1.6937648416953697,0.7974994844177241
MSFT,2022-08-30,1.6793324739398476,0.7907040866383989
MSFT,2022-08-31,1.6697533387079362,0.7861938056238453
MSFT,2022-09-01,1.6629200381671618,0.7829763851626411
MSFT,2022-09-02,1.6352047472369082,0.7699267990080244
MSFT,2022-09-06,1.6172599835464452,0.7614776096997745
MSFT,2022-09-07,1.6481683526610789,0.7760306384475198
MSFT,2022-09-08,1.6509143859946738,0.777323592530534
MSFT,2022-09-09,1.6888476463004183,0.7951842511009611
MSFT,2022-09-12,1.7028326712414688,0.801769020075675
MSFT,2022-09-13,1.6092136728384547,0.7576890503418744
MSFT,2022-09-14,1.6106824351698061,0.7583806086817041
MSFT,2022-09-15,1.567002150602567,0.7378139966207733
MSFT,2022-09-16,1.5629150820378452,0.7358896237722479
MSFT,2022-09-19,1.5615100839353773,0.735228088454745
MSFT,2022-09-20,1.5482911236319867,0.729004016631445
MSFT,2022-09-21,1.5259400729474697,0.7184801523037058
MSFT,2022-09-22,1.538903380407954,0.7245838514487044
MSFT,2022-09-23,1.5193624252496016,0.7153831045208031
MSFT,2022-09-26,1.516360937715558,0.7139698712891521
MSFT,2022-09-27,1.5097195257888067,0.7108428004839226
MSFT,2022-09-28,1.53947845032265,0.7248546198276342
MSFT,2022-09-29,1.5166801561448902,0.7141201734601159
MSFT,2022-09-30,1.4873042142692625,0.7002886793096951
MSFT,2022-10-03,1.5373711518114057,0.7238624103810446
MSFT,2022-10-04,1.5893533999295415,0.748337954478177
MSFT,2022-10-05,1.5913966362482161,0.7493000006079429
MSFT,2022-10-06,1.5760063152410113,0.7420535560212294
MSFT,2022-10-07,1.4958619299842943,0.7043180307890303
MSFT,2022-10-10,1.4639956076179779,0.6893139552338966
MSFT,2022-10-11,1.4394732955508758,0.6777677649075764
MSFT,2022-10-12,1.4416446562546898,0.6787901376709898
MSFT,2022-10-13,1.4958619299842943,0.7043180307890303
MSFT,2022-10-14,1.4595892213026953,0.6872392334495752
MSFT,2022-10-17,1.5168717467952268,0.7142103828215937
MSFT,2022-10-18,1.523066113871193,0.7171269651167087
MSFT,2022-10-19,1.510166570639592,0.7110532889940371
MSFT,2022-10-20,1.50805907348589,0.7100609860177828
MSFT,2022-10-21,1.5461836264782847,0.7280117136551907
MSFT,2022-10-24,1.5789440385461717,0.7434367662305535
MSFT,2022-10-25,1.600720317279679,0.7536900024738596
MSFT,2022-10-26,1.4772144686001398,0.6955379802923645
MSFT,2022-10-27,1.4480304153385348,0.6817968357979179
MSFT,2022-10-28,1.506270993403978,0.7092190787421571
MSFT,2022-10-31,1.4823873168379975,0.6979735862874289
MSFT,2022-11-01,1.457098741490778,0.6860666052800302
MSFT,2022-11-02,1.4055634389021985,0.66180150292818
MSFT,2022-11-03,1.3682053478323788,0.644211659501515
MSFT,2022-11-04,1.4138014395817544,0.6656803184123902
MSFT,2022-11-07,1.4551827356661837,0.6851644649004214
MSFT,2022-11-08,1.461568892034944,0.6881713500866786
MSFT,2022-11-09,1.433725874004466,0.6750616243577435
MSFT,2022-11-10,1.5516755938242457,0.7305975750563867
MSFT,2022-11-11,1.57805004816583,0.7430158359751567
MSFT,2022-11-14,1.542543702085577,0.7262978760816122
MSFT,2022-11-15,1.545225772547831,0.7275607136126347
MSFT,2022-11-16,1.5480436151298411,0.7288874786693909
MSFT,2022-11-17,1.5477233041669924,0.728736662085272
MSFT,2022-11-18,1.5447773371998426,0.72734957039486825
MSFT,2022-11-21,1.5500927114010143,0.7298522839242616
MSFT,2022-11-22,1.5691767889069312,0.7388379126236522
MSFT,2022-11-23,1.5855070860234075,0.7465269395831103
MSFT,2022-11-25,1.5849306256115083,0.7462555164965284
MSFT,2022-11-28,1.5482356030650928,0.7289778750901976
MSFT,2022-11-29,1.5390778878069387,0.724666017259029
MSFT,2022-11-30,1.6339214176397086,0.7693225506100707
MSFT,2022-12-01,1.6310396121863573,0.767965669001323
MSFT,2022-12-02,1.633152869971329,0.7689606843378497
MSFT,2022-12-05,1.6022855205241857,0.7544269694658381
MSFT,2022-12-06,1.5697529513551438,0.739109195415737
MSFT,2022-12-07,1.5649499753733014,0.7368477416561018
MSFT,2022-12-08,1.5843542645208382,0.7459841401747789
MSFT,2022-12-09,1.5716743205260926,0.7400138610962893
MSFT,2022-12-12,1.617078722303903,0.7613922638808545
MSFT,2022-12-13,1.645320515067974,0.7746897504114136
MSFT,2022-12-14,1.6472416855964651,0.7755943225623013
MSFT,2022-12-15,1.5946648012815616,0.750838797414279
MSFT,2022-12-16,1.5669994689293896,0.7378127339703016
MSFT,2022-12-19,1.5398462368328605,0.7250277900015853
MSFT,2022-12-20,1.5484918518353719,0.7290985283574929
MSFT,2022-12-21,1.5653343485287199,0.7370287215570445
MSFT,2022-12-22,1.5253733460159922,0.718213312170688
MSFT,2022-12-23,1.5288315125600136,0.7198415701011851
MSFT,2022-12-27,1.5174964773243178,0.7145045336166659
MSFT,2022-12-28,1.5019345292337636,0.707177279399764
MSFT,2022-12-29,1.5434326270832504,0.7267164213305624
MSFT,2022-12-30,1.5358118085193977,0.723128202514171
MSFT,2023-01-03,1.534274911825096,0.7224045634993936
MSFT,2023-01-04,1.4671608758582968,0.6908043036739856
MSFT,2023-01-05,1.4236774459665202,0.6703303795106434
MSFT,2023-01-06,1.4404559797885272,0.6782304561582035
MSFT,2023-01-09,1.4544808325423224,0.6848339778306636
MSFT,2023-01-10,1.465559718328968,0.69005040781272
MSFT,2023-01-11,1.5098756587604651,0.7109163148002745
MSFT,2023-01-12,1.527422541608394,0.7191781641903908
MSFT,2023-01-13,1.5320334303337562,0.7213491747643872
MSFT,2023-01-17,1.5392059128708493,0.7247262971278443
MSFT,2023-01-18,1.5101317088882866,0.7110368745379051
MSFT,2023-01-19,1.4852840204756672,0.6993374826210192
MSFT,2023-01-20,1.5383735016523576,0.7243343610684643
MSFT,2023-01-23,1.5534868157524662,0.731450378537935
MSFT,2023-01-24,1.5500286492084445,0.7298221206074378
MSFT,2023-01-25,1.540871132592748,0.7255103563059337
MSFT,2023-01-26,1.588196804220278,0.7477933780062188
MSFT,2023-01-27,1.5892214020164792,0.7482758040160703
MSFT,2023-01-30,1.5543195249346442,0.731842454891812
MSFT,2023-01-31,1.5869799205251391,0.7472204152810636
MSFT,2023-02-01,1.6186157183194332,0.762115949660464
MSFT,2023-02-02,1.6945033943526546,0.797847227710595
MSFT,2023-02-03,1.6544784289685859,0.7790017017722469
MSFT,2023-02-06,1.644359780821885,0.7742373941887214
MSFT,2023-02-07,1.713459248152203,0.8067724830115056
MSFT,2023-02-08,1.70814397327226,0.8042698162469446
MSFT,2023-02-09,1.6882274845478515,0.7948922514881739
MSFT,2023-02-10,1.684897243746512,0.7933242266616597
MSFT,2023-02-13,1.7375386868601292,0.8181101489506674
MSFT,2023-02-14,1.7429820861252117,0.820673142348876
MSFT,2023-02-15,1.7290504960052506,0.8141135328539315
MSFT,2023-02-16,1.6830186820251718,0.7924397166238223
MSFT,2023-02-17,1.6567604335212722,0.7800761705588257
MSFT,2023-02-21,1.6221563214833505,0.7637830224017575
MSFT,2023-02-22,1.6147090171061946,0.760276501747368
MSFT,2023-02-23,1.6356383837218067,0.7701309742657805
MSFT,2023-02-24,1.6000071908569644,0.7533542309780538
MSFT,2023-02-27,1.6060419487182644,0.756195662187687
MSFT,2023-02-28,1.6012909177390793,0.7539586664353366
MSFT,2023-03-01,1.5810681223450815,0.7444368789337993
MSFT,2023-03-02,1.612140967414592,0.7590673502438084
MSFT,2023-03-03,1.6389767688639072,0.771702833808542
MSFT,2023-03-06,1.6491205452814917,0.7764789728946355
MSFT,2023-03-07,1.6316578868355769,0.7682567800822967
MSFT,2023-03-08,1.628768930253753,0.7668965314056246
MSFT,2023-03-09,1.619909377324427,0.7627250616009753
MSFT,2023-03-10,1.595962532456936,0.7514498267129139
MSFT,2023-03-13,1.6301814767696088,0.767561620850381
MSFT,2023-03-14,1.6742873528022144,0.7883286202176529
MSFT,2023-03-15,1.704140930467095,0.8023850064465322
MSFT,2023-03-16,1.7732204342304259,0.8349106955380271
MSFT,2023-03-17,1.7939569190197273,0.8446743507521423
MSFT,2023-03-20,1.7477328191407104,0.8229099978067294
MSFT,2023-03-21,1.7576840116956707,0.8275954598830225
MSFT,2023-03-22,1.7481179868659593,0.8230913518263304
MSFT,2023-03-23,1.7825935772338264,0.8393239862904218
MSFT,2023-03-24,1.8012760990117438,0.8481205447728842
MSFT,2023-03-27,1.774375738763715,0.8354546640671656
MSFT,2023-03-28,1.7669931918277302,0.8319786340834258
MSFT,2023-03-29,1.8008907326440373,0.8479390972236187
MSFT,2023-03-30,1.823617614858297,0.8586399196767242
MSFT,2023-03-31,1.8509029441891172,0.8714870608723793
MSFT,2023-04-03,1.8440334907210632,0.8682526180122234
MSFT,2023-04-04,1.8437122858671553,0.8681013805446139
MSFT,2023-04-05,1.8254794906132004,0.8595165732227377
MSFT,2023-04-06,1.8720893541448387,0.8814625607767451
MSFT,2023-04-10,1.8579011179696834,0.8747821109551764
MSFT,2023-04-11,1.8157853413983496,0.854952138532398
MSFT,2023-04-12,1.8200221863760873,0.8569470327480092
MSFT,2023-04-13,1.8607901738727364,0.8761424063966808
MSFT,2023-04-14,1.8370357142254121,0.8649577549887555
MSFT,2023-04-17,1.8541128076611628,0.8729984067221641
MSFT,2023-04-18,1.8513524720706223,0.8716987185033009
MSFT,2023-04-19,1.8518661614659258,0.8719405862158787
MSFT,2023-04-20,1.8368430310415589,0.8648670312141227
MSFT,2023-04-21,1.8345959875614066,0.8638090236485081
MSFT,2023-04-24,1.8089798508016366,0.8517478122242337
MSFT,2023-04-25,1.7682130551597328,0.8325529997535493
MSFT,2023-04-26,1.8962927457462952,0.8928585892265986
MSFT,2023-04-27,1.9570264852968329,0.9214547229908542
MSFT,2023-04-28,1.9726274666303019,0.9288003557868441
MSFT,2023-05-01,1.9617134540834482,0.9236615554263807
MSFT,2023-05-02,1.9607500381641823,0.9232079365532169
MSFT,2023-05-03,1.95426634834875,0.9201551283016557
MSFT,2023-05-04,1.9607500381641823,0.9232079365532169
MSFT,2023-05-05,1.9943911315677527,0.93904765289645
MSFT,2023-05-08,1.981551280394655,0.9330020824379817
MSFT,2023-05-09,1.9709582740592517,0.9280144260154634
MSFT,2023-05-10,2.0050484980594123,0.9440656129302892
MSFT,2023-05-11,1.990924622040513,0.9374154667200411
MSFT,2023-05-12,1.983605640690954,0.9339693662289634
MSFT,2023-05-15,1.9867513426492012,0.9354505019970922
MSFT,2023-05-16,2.0013891067058616,0.9423426094495827
MSFT,2023-05-17,2.020305629298809,0.9512493458769085
MSFT,2023-05-18,2.0493874810159887,0.9649423693589337
MSFT,2023-05-19,2.0482293954882933,0.9643970914144911
MSFT,2023-05-22,2.0665023165186795,0.9730007917286105
MSFT,2023-05-23,2.0284122279926753,0.9550662914880056
MSFT,2023-05-24,2.0193404255974245,0.9507948852367634
MSFT,2023-05-25,2.0969998930310365,0.9873604011300254
MSFT,2023-05-26,2.141845811539359,1.0084758452626523
MSFT,2023-05-30,2.131036086282735,1.0033861479760882
MSFT,2023-05-31,2.112892084207319,0.9948431484142748
MSFT,2023-06-01,2.1398508453378766,1.0075365268413772
MSFT,2023-06-02,2.1579950460557504,1.0160796199328552
MSFT,2023-06-05,2.1614695012812937,1.017715547295847
MSFT,2023-06-06,2.1469282774590175,1.0108688952603375
MSFT,2023-06-07,2.0806571807609617,0.9796655285665318
MSFT,2023-06-08,2.0927533145728776,0.9853609239608504
MSFT,2023-06-09,2.102597637485659,0.9899960670776049
MSFT,2023-06-12,2.135153944428382,1.005325017922622
MSFT,2023-06-13,2.1508532537783536,1.012716947902574
MSFT,2023-06-14,2.170477340805203,1.0219568369950978
MSFT,2023-06-15,2.239708011478753,1.0545537021613303
MSFT,2023-06-16,2.202583126654133,1.0370736625608703
MSFT,2023-06-20,2.17504512411727,1.0241075516318823
MSFT,2023-06-21,2.1461561542264014,1.0105053454541544
MSFT,2023-06-22,2.185726327703839,1.0291367352254697
MSFT,2023-06-23,2.15554995604539,1.0149283632916644
MSFT,2023-06-26,2.1142430515613246,0.9954792436630144
MSFT,2023-06-27,2.152654742226152,1.0135651684305582
MSFT,2023-06-28,2.160890458517446,1.0174429083236258
MSFT,2023-06-29,2.1557430365141586,1.0150192741256263
MSFT,2023-06-30,2.1910666315334373,1.0316511867277665
MSFT,2023-07-03,2.1746593604646485,1.0239259170232875
MSFT,2023-07-05,2.175688924322289,1.0244106812747533
MSFT,2023-07-06,2.1957631351580167,1.0338625085871924
MSFT,2023-07-07,2.1697050189301295,1.02159319365925
MSFT,2023-07-10,2.135025621400785,1.0052645977593098
MSFT,2023-07-11,2.1391430822615165,1.0072032806465145
MSFT,2023-07-12,2.1695766959025327,1.0215327734959379
MSFT,2023-07-13,2.20470661452567,1.0380734946751224
MSFT,2023-07-14,2.2213065687783122,1.0458894881542342
MSFT,2023-07-17,2.2244592232225746,1.0473738974606228
MSFT,2023-07-18,2.3129921801416935,1.089059133662776
MSFT,2023-07-19,2.284618091500874,1.0756993563756134
MSFT,2023-07-20,2.23179409596874,1.0508274803248658
MSFT,2023-07-21,2.211848406803067,1.0414361667054035
MSFT,2023-07-24,2.2204698867469825,1.045495541207066
MSFT,2023-07-25,2.2582381744917064,1.0632785233910678
MSFT,2023-07-26,2.1732438343119287,1.0232594246335625
MSFT,2023-07-27,2.1278836304809303,1.0019018321993642
MSFT,2023-07-28,2.177104251832551,1.0250770801348137
MSFT,2023-07-31,2.1613407809687812,1.0176549400732058
MSFT,2023-08-01,2.1640431129617084,1.0189273176300144
MSFT,2023-08-02,2.1071658180826414,0.9921469687737186
MSFT,2023-08-03,2.101761154096787,0.989602213660101
MSFT,2023-08-04,2.1089673065304404,0.9929951893017029
MSFT,2023-08-07,2.1239584555191366,1.0000536860274631
MSFT,2023-08-08,2.0978363764199086,0.9877542545475292
MSFT,2023-08-09,2.07325794785854,0.9761816420909679
MSFT,2023-08-10,2.077761768299266,0.9783022401757611
MSFT,2023-08-11,2.0654085911472406,0.9724858173954888
MSFT,2023-08-14,2.0849037592191206,0.9816650057357067
MSFT,2023-08-15,2.0708774166468933,0.9750607825907623
MSFT,2023-08-16,2.0658483855483243,0.9726928920728466
MSFT,2023-08-17,2.0431522929149897,0.9620065667177495
MSFT,2023-08-18,2.04057331788822,0.9607922710826385
MSFT,2023-08-21,2.075390970568041,0.9771859636291195
MSFT,2023-08-22,2.079130216189539,0.9789465660349829
MSFT,2023-08-23,2.1084031619509114,0.9927295650543244
MSFT,2023-08-24,2.0630757341254133,0.9713874050147799
MSFT,2023-08-25,2.082483499515958,0.9805254403025871
MSFT,2023-08-28,2.08712557510716,0.9827111350339208
MSFT,2023-08-29,2.117494431307005,0.9970101372126945
MSFT,2023-08-30,2.1199446860212623,0.9981638256251641
MSFT,2023-08-31,2.1133034727369684,0.995036848349599
MSFT,2023-09-01,2.1191066134927294,0.9977692239703437
MSFT,2023-09-05,2.1506357402873024,1.01261453291987
MSFT,2023-09-06,2.1463156641198387,1.010580449774804
MSFT,2023-09-07,2.127166133924149,1.0015640030509376
MSFT,2023-09-08,2.1552780145209622,1.014800321180868
MSFT,2023-09-11,2.1789414959227145,1.0259421360024206
MSFT,2023-09-12,2.139158576373208,1.007210575960351
MSFT,2023-09-13,2.166819538591313,1.0202345817517078
MSFT,2023-09-14,2.1838414094238563,1.0282492322383658
MSFT,2023-09-15,2.1291648743323255,1.00250509853584
MSFT,2023-09-18,2.1216855885194987,0.9989835196054544
MSFT,2023-09-19,2.1190418560515583,0.997738733299694
MSFT,2023-09-20,2.068233684178953,0.9738159962850018
MSFT,2023-09-21,2.060238722546247,0.970051614345393
MSFT,2023-09-22,2.0439903654435225,0.96240116837257
MSFT,2023-09-25,2.04740781028374,0.9640102527218302
MSFT,2023-09-26,2.012590157603919,0.9476165601753495
MSFT,2023-09-27,2.0167813148164133,0.9495899425681096
MSFT,2023-09-28,2.022261860221063,0.9521704260135927
MSFT,2023-09-29,2.0358660875709313,0.958575898621326
MSFT,2023-10-02,2.0748748974632463,0.9769429735605667
MSFT,2023-10-03,2.020650075320254,0.9514115263152727
MSFT,2023-10-04,2.056563638438547,0.9683212220211854
MSFT,2023-10-05,2.059142414822859,0.9695354241266317
MSFT,2023-10-06,2.110079704292892,0.9935189554232942
MSFT,2023-10-09,2.1265858993055557,1.001290802900729
MSFT,2023-10-10,2.117365512352035,0.9969494364603886
MSFT,2023-10-11,2.1433499322281597,1.0091840518827757
MSFT,2023-10-12,2.1352256543555685,1.0053587821315317
MSFT,2023-10-13,2.1131101936257424,0.9949458439859725
MSFT,2023-10-16,2.144768438017743,1.0098519472174692
MSFT,2023-10-17,2.141028596468872,1.0080910642226117
MSFT,2023-10-18,2.1284553234738475,1.0021710105739963
MSFT,2023-10-19,2.1362574032802426,1.0058445752093077
MSFT,2023-10-20,2.106275502587765,0.9917277688171163
MSFT,2023-10-23,2.1233621308614796,0.9997729099744244
MSFT,2023-10-24,2.131163614740502,1.0034461940207422
MSFT,2023-10-25,2.1965434027313933,1.0342298931096228
MSFT,2023-10-26,2.114141743907959,0.995431543534084
MSFT,2023-10-27,2.126521340506842,1.0012604057597438
MSFT,2023-10-30,2.1748790590227327,1.024029360832302
MSFT,2023-10-31,2.1800372077187293,1.0264580456321881
MSFT,2023-11-01,2.2313612540536716,1.0506236791857682
MSFT,2023-11-02,2.245868510015702,1.0574543376486363
MSFT,2023-11-03,2.2747541029847915,1.0710549538220664
MSFT,2023-11-06,2.298804142608996,1.0823787773708717
MSFT,2023-11-07,2.324595084731437,1.0945222948999678
MSFT,2023-11-08,2.3418106319601213,1.1026281368095816
MSFT,2023-11-09,2.3256266350136534,1.0950079944480793
MSFT,2023-11-10,2.383527137191718,1.1222701146065746
MSFT,2023-11-13,2.3642486880410587,1.1131929671304024
MSFT,2023-11-14,2.387395897695559,1.1240916983537377
MSFT,2023-11-15,2.3883648756036373,1.1245479360575097
MSFT,2023-11-16,2.4303604734881348,1.1443213230332232
MSFT,2023-11-17,2.3895281258352297,1.1250956457732308
MSFT,2023-11-20,2.4385654001985033,1.1481845658282823
MSFT,2023-11-21,2.4103319504176506,1.1348910075436351
MSFT,2023-11-22,2.441214496012799,1.1494318774349863
MSFT,2023-11-24,2.438500642757332,1.1481540751576327
MSFT,2023-11-27,2.44612434163682,1.1517436501541605
MSFT,2023-11-28,2.4725491518414007,1.1641856208428987
MSFT,2023-11-29,2.4476753419456094,1.1524739297751219
MSFT,2023-11-30,2.4480628933803494,1.1526564061506979
MSFT,2023-12-01,2.4196353699184403,1.1392714693837658
MSFT,2023-12-04,2.3849408755623194,1.1229357652293184
MSFT,2023-12-05,2.406778236851533,1.1332177618444799
MSFT,2023-12-06,2.3827442872663926,1.1219015141985045
MSFT,2023-12-07,2.396634957040092,1.1284418565825476
MSFT,2023-12-08,2.4178263330572536,1.1384196947285279
MSFT,2023-12-11,2.398896104134733,1.1295065047543469
MSFT,2023-12-12,2.4187955096077896,1.1388760259619644
MSFT,2023-12-13,2.4187305535241603,1.1388454417616498
MSFT,2023-12-14,2.364201609778612,1.1131708005998993
MSFT,2023-12-15,2.395213471613645,1.1277725583028855
MSFT,2023-12-18,2.4076178985197263,1.1336131117366168
MSFT,2023-12-19,2.4115593621630413,1.1354689273410123
MSFT,2023-12-20,2.3945027289004215,1.1274379091630544
MSFT,2023-12-21,2.413368200381771,1.1363206084665858
MSFT,2023-12-22,2.4200876787943515,1.1394844364299914
MSFT,2023-12-26,2.4206043478265187,1.1397277070875378
MSFT,2023-12-27,2.4167925977080036,1.137932966354106
MSFT,2023-12-28,2.4246099729836326,1.1416137327735896
MSFT,2023-12-29,2.4295202158925684,1.1439256925520924
MSFT,2024-01-02,2.39611789072301,1.1281983988656723
MSFT,2024-01-03,2.3943736113029943,1.127377114881084
MSFT,2024-01-04,2.3771876618004892,1.119285208891491
MSFT,2024-01-05,2.375960051412641,1.1187071955644492
MSFT,2024-01-08,2.4207982228651175,1.139818992040158
MSFT,2024-01-09,2.427905252712438,1.1431652963791394
MSFT,2024-01-10,2.4730012620748543,1.1643984943594599
MSFT,2024-01-11,2.4850187334735683,1.1700568520066088
MSFT,2024-01-12,2.509827984570646,1.1817381459334004
MSFT,2024-01-16,2.521457308607247,1.1872137466159798
MSFT,2024-01-17,2.5162888305034565,1.184780198273536
MSFT,2024-01-18,2.544716353965365,1.198165135040468
MSFT,2024-01-19,2.5757282158003987,1.2127668927434543
MSFT,2024-01-22,2.5617731858704427,1.2061962467480905
MSFT,2024-01-23,2.577214061383102,1.2134664946344371
MSFT,2024-01-24,2.600860856818417,1.2246004529641654
MSFT,2024-01-25,2.6157852619413666,1.2316275237226304
MSFT,2024-01-26,2.609712166085753,1.228768041287735
MSFT,2024-01-29,2.647120116412426,1.2463813606602074
MSFT,2024-01-30,2.6398192115265067,1.2429437713686056
MSFT,2024-01-31,2.5686859433942493,1.2094510790751225
MSFT,2024-02-01,2.608743188177675,1.2283118035839633
MSFT,2024-02-02,2.656811285990413,1.2509443924055783
MSFT,2024-02-05,2.62082462244773,1.2340002777831038
MSFT,2024-02-06,2.6197906884560225,1.2335134558790175
MSFT,2024-02-07,2.675095529640881,1.2595534239105781
MSFT,2024-02-08,2.6754828824331636,1.2597358067564894
MSFT,2024-02-09,2.7170905315980063,1.2793265302972983
MSFT,2024-02-12,2.68291290491651,1.2632341903300617
MSFT,2024-02-13,2.6251534388833275,1.236038476233411
MSFT,2024-02-14,2.650526635917476,1.2479853008779163
MSFT,2024-02-15,2.6315614459224217,1.239055649682771
MSFT,2024-02-16,2.615379634042987,1.2314365361475788
MSFT,2024-02-20,2.607159213220927,1.227565998038683
MSFT,2024-02-21,2.603210598449139,1.2257068153663628
MSFT,2024-02-22,2.664507688009375,1.2545681992593387
MSFT,2024-02-23,2.6560284360650877,1.2505757919975085
MSFT,2024-02-26,2.637904894162802,1.2420424259911456
MSFT,2024-02-27,2.6375163495157743,1.2418594819672468
MSFT,2024-02-28,2.639069733534055,1.2425908839441835
MSFT,2024-02-29,2.6773886581711923,1.260633130358373
MSFT,2024-03-01,2.6894277815977827,1.2663016827389602
MSFT,2024-03-04,2.685673637791966,1.2645340656082538
MSFT,2024-03-05,2.606252807686986,1.2271392221792505
MSFT,2024-03-06,2.6026279801210546,1.2254324928601792
MSFT,2024-03-07,2.648261317331227,1.2469186885831613
MSFT,2024-03-08,2.6293606861348855,1.238019434529001
MSFT,2024-03-11,2.6183568871972054,1.2328383587601521
MSFT,2024-03-12,2.688003713819387,1.2656311685736585
MSFT,2024-03-13,2.686838874448134,1.2650827106206208
MSFT,2024-03-14,2.752343012617471,1.2959249592795223
MSFT,2024-03-15,2.695382883833593,1.269105608553101
MSFT,2024-03-18,2.7012082725446027,1.2718484594962773
MSFT,2024-03-19,2.727681750151291,1.2843133449528352
MSFT,2024-03-20,2.752407770058642,1.295955449950172
MSFT,2024-03-21,2.7792048362287294,1.3085726952303145
MSFT,2024-03-22,2.775126905217056,1.3066526247463592
MSFT,2024-03-25,2.7370672089870616,1.2887324345444335
MSFT,2024-03-26,2.729234935527114,1.2850446534001072
MSFT,2024-03-27,2.727811066391176,1.2843742327644705
MSFT,2024-03-28,2.7232154731350477,1.2822104239746461
MSFT,2024-04-01,2.748135765365913,1.2939440009839323
MSFT,2024-04-02,2.727876022474805,1.2844048169647848
MSFT,2024-04-03,2.7214680154357107,1.2813876435154248
MSFT,2024-04-04,2.704832901468077,1.2735550952856842
MSFT,2024-04-05,2.754284742640322,1.296839211750693
MSFT,2024-04-08,2.7482650816057976,1.294004888795567
MSFT,2024-04-09,2.759203924459849,1.2991553803641016
MSFT,2024-04-10,2.7396563147791677,1.2899515001924373
MSFT,2024-04-11,2.76988413483413,1.3041840963093663
MSFT,2024-04-12,2.7308534742714814,1.2858067331070229
MSFT,2024-04-15,2.6773886581711923,1.260633130358373
MSFT,2024-04-16,2.68347287800443,1.2634978504544843
MSFT,2024-04-17,2.665737483464257,1.255147241412691
MSFT,2024-04-18,2.6167387457377536,1.2320764661125658
MSFT,2024-04-19,2.58340415764623,1.216381066041764
MSFT,2024-04-22,2.5953139648329353,1.221988730610716
MSFT,2024-04-23,2.6380989678438582,1.2421338044734302
MSFT,2024-04-24,2.6477432578018565,1.2466747632179631
MSFT,2024-04-25,2.5828862967593174,1.2161372342062302
MSFT,2024-04-26,2.630008061904141,1.2383242477058343
MSFT,2024-04-29,2.6036639005373376,1.2259202500609112
MSFT,2024-04-30,2.5200358231808,1.1865444483363177
MSFT,2024-05-01,2.5563480617114576,1.2036418580790222
MSFT,2024-05-02,2.5751189793829985,1.2124800372622184
MSFT,2024-05-03,2.632208623049219,1.2393603693299395
MSFT,2024-05-06,2.6767412824019368,1.2603283171815396
MSFT,2024-05-07,2.6495556715848223,1.2475281278774988
MSFT,2024-05-08,2.6573229889611407,1.2511853248215103
MSFT,2024-05-09,2.668844450143276,1.2566101388962285
MSFT,2024-05-10,2.684508401135798,1.263985420595887
MSFT,2024-05-13,2.6779063204156475,1.2608768686642422
MSFT,2024-05-14,2.696288892082618,1.269532197353204
MSFT,2024-05-15,2.7434305214732,1.2917285638192653
MSFT,2024-05-16,2.729878338447218,1.2853475959836493
MSFT,2024-05-17,2.7248203055498417,1.282966050134706
MSFT,2024-05-20,2.7580855674236697,1.2986288083525732
MSFT,2024-05-21,2.7820780007351757,1.3099255082986534
MSFT,2024-05-22,2.791674815145812,1.3144441134533538
MSFT,2024-05-23,2.76884960491505,1.3036969938162863
MSFT,2024-05-24,2.7893405676267817,1.313345046364993
MSFT,2024-05-28,2.790377878540268,1.313833458273377
MSFT,2024-05-29,2.782921039325148,1.310322448195088
MSFT,2024-05-30,2.6888968103086697,1.2660516779455648
MSFT,2024-05-31,2.6918796254517003,1.2674561193887461
MSFT,2024-06-03,2.6814395738086345,1.2625404808079468
MSFT,2024-06-04,2.6979749692625625,1.2703260771460732
MSFT,2024-06-05,2.7494613064853484,1.2945681244356069
MSFT,2024-06-06,2.7527681074766934,1.296125112761702
MSFT,2024-06-07,2.748423796929405,1.2940796189975585
MSFT,2024-06-10,2.7744910507103406,1.3063532362900712
MSFT,2024-06-11,2.8056810948298234,1.3210388901021766
MSFT,2024-06-12,2.8600207323132976,1.346624397493592
MSFT,2024-06-13,2.863392688030729,1.348212063549666
MSFT,2024-06-14,2.869812216332363,1.3512346617195712
MSFT,2024-06-17,2.9074217887534797,1.3689429137015814
MSFT,2024-06-18,2.8942585476594407,1.3627450769491933
MSFT,2024-06-20,2.8901085094356658,1.3607910551969993
MSFT,2024-06-21,2.9165649037910018,1.3732478971024042
MSFT,2024-06-24,2.9028830072402196,1.3668058543958241
MSFT,2024-06-25,2.9241516551733797,1.376820075581322
MSFT,2024-06-26,2.9319978336053576,1.380514403802168
MSFT,2024-06-27,2.936472056319904,1.38262106596694
MSFT,2024-06-28,2.898214114917244,1.3646075331597736
MSFT,2024-07-01,2.961631712712154,1.394467346222033
MSFT,2024-07-02,2.9781669095236247,1.402252849030495
MSFT,2024-07-03,2.98782868001789,1.4068020383855098
MSFT,2024-07-05,3.0318579793830978,1.4275329820670897
MSFT,2024-07-08,3.023298475885948,1.4235027888207734
MSFT,2024-07-09,2.9798529867035692,1.4030467288233641
MSFT,2024-07-10,3.023363431969577,1.4235333730210877
MSFT,2024-07-11,2.9484682729756573,1.3882694159399802
MSFT,2024-07-12,2.941011036475622,1.3847582188023622
MSFT,2024-07-15,2.943669865770339,1.38601011336263
MSFT,2024-07-16,2.914879025253515,1.3724541108391997
MSFT,2024-07-17,2.8759723175843965,1.3541351101475478
MSFT,2024-07-18,2.855546509598751,1.34451773532882
MSFT,2024-07-19,2.8344071779054762,1.3345644019549572
MSFT,2024-07-22,2.872211419935022,1.3523643130082461
MSFT,2024-07-23,2.8845967771651755,1.3581958875941786
MSFT,2024-07-24,2.7811700060615747,1.3094979842019046
MSFT,2024-07-25,2.7130835159436892,1.2774398499035944
MSFT,2024-07-26,2.7576314707656406,1.2984149995393666
MSFT,2024-07-29,2.767098968936392,1.302872716882432
MSFT,2024-07-30,2.7423934092021716,1.2912402454405458
MSFT,2024-07-31,2.7127595300953753,1.2772873030206808
MSFT,2024-08-01,2.7047186820549682,1.2735013157285564
MSFT,2024-08-02,2.648822879558807,1.2471830969449003
MSFT,2024-08-05,2.562320644483535,1.206454014503645
MSFT,2024-08-06,2.591241198525159,1.2200710918980395
MSFT,2024-08-07,2.5835896897016104,1.2164684227484721
MSFT,2024-08-08,2.61121330713769,1.2294748449628898
MSFT,2024-08-09,2.6328063382040794,1.2396418000906302
MSFT,2024-08-12,2.637929128542627,1.2420538366102232
MSFT,2024-08-13,2.6846170585600944,1.2640365813224066
MSFT,2024-08-14,2.7030975609586525,1.2727380201360015
MSFT,2024-08-15,2.735058536456006,1.2877866625763026
MSFT,2024-08-16,2.7184283885498117,1.2799564525881764
MSFT,2024-08-19,2.738306539279907,1.2893159661216849
MSFT,2024-08-20,2.759548767766209,1.299317747861795
MSFT,2024-08-21,2.755261467604246,1.2972990971113831
MSFT,2024-08-22,2.699459821632978,1.2710252113887333
MSFT,2024-08-23,2.707514971930331,1.2748179328167069
MSFT,2024-08-26,2.686077676550685,1.2647243049459889
MSFT,2024-08-27,2.688351338120153,1.2657948454866559
MSFT,2024-08-28,2.6673041765271956,1.2558849098771536
MSFT,2024-08-29,2.6836743014564166,1.2635926895343579
MSFT,2024-08-30,2.709788633499799,1.2758884733573737
MSFT,2024-09-03,2.659768476256416,1.2523367685220304
MSFT,2024-09-04,2.6562606490979994,1.2506851281753906
MSFT,2024-09-05,2.6529476901904694,1.249125240429694
MSFT,2024-09-06,2.609488693320975,1.228662820415094
MSFT,2024-09-09,2.6356030253643574,1.2409586042381098
MSFT,2024-09-10,2.690690154415708,1.266896063757302
MSFT,2024-09-11,2.748115702477697,1.2939345544878107
MSFT,2024-09-12,2.7738402980193064,1.3060468331089403
MSFT,2024-09-13,2.7971613198241894,1.317027402788774
MSFT,2024-09-16,2.8020334233812703,1.3193214048716797
MSFT,2024-09-17,2.826783677668446,1.330974920488094
MSFT,2024-09-18,2.7985905523064822,1.3177003487253545
MSFT,2024-09-19,2.849779919055185,1.3418025691663562
MSFT,2024-09-20,2.8275631506719927,1.3313419308918664
MSFT,2024-09-23,2.816130085383481,1.3259587375178818
MSFT,2024-09-24,2.787936960021517,1.3126841657551422
MSFT,2024-09-25,2.8070354391056083,1.321676575355214
MSFT,2024-09-26,2.8018385551303835,1.3192296522707367
MSFT,2024-09-27,2.7804662158343665,1.3091666086003333
MSFT,2024-09-30,2.7952773947564946,1.3161403674499932
MSFT,2024-10-01,2.7328498309701668,1.2867467062359501
MSFT,2024-10-02,2.70972367741617,1.2758578891570593
MSFT,2024-10-03,2.705891069839609,1.2740533278088477
MSFT,2024-10-04,2.702772780540508,1.2725850991344299
MSFT,2024-10-07,2.6604182357351625,1.2526427040548385
MSFT,2024-10-08,2.694003113323238,1.2684559515029985
MSFT,2024-10-09,2.711867228175923,1.2768671677674328
MSFT,2024-10-10,2.701343746700673,1.271912246727514
MSFT,2024-10-11,2.704461837357316,1.2733803818722675
MSFT,2024-10-14,2.7227810420803187,1.2820058745982317
MSFT,2024-10-15,2.720182401450249,1.2807823195263284
MSFT,2024-10-16,2.7031625170422813,1.2727686043363158
MSFT,2024-10-17,2.7070602793449288,1.2746038434145062
MSFT,2024-10-18,2.7164147499573166,1.2790083423784313
MSFT,2024-10-21,2.7204422257847645,1.2809046563275859
MSFT,2024-10-22,2.777153455569294,1.3076068143843014
MSFT,2024-10-23,2.7582496460936317,1.2987060638555081
MSFT,2024-10-24,2.759094273823264,1.299103751989259
MSFT,2024-10-25,2.7813108435639995,1.3095642967340846
MSFT,2024-10-28,2.771176899948065,1.3047927873663872
MSFT,2024-10-29,2.8059961417675465,1.3211872281501844
MSFT,2024-10-30,2.8097637932604784,1.3229612052980815
MSFT,2024-10-31,2.6396956559178917,1.2428855959172431
MSFT,2024-11-01,2.665809987961274,1.255181379740259
MSFT,2024-11-04,2.6534023827758713,1.2493393298318944
MSFT,2024-11-05,2.672890598361736,1.2585152446338523
MSFT,2024-11-06,2.729536673420179,1.285186724960589
MSFT,2024-11-07,2.763641398319743,1.3012447395409286
MSFT,2024-11-08,2.744867699653796,1.2924052509424284
MSFT,2024-11-11,2.715440210060426,1.2785494858440516
MSFT,2024-11-12,2.7480507463940684,1.2939039702874964
MSFT,2024-11-13,2.762147408396279,1.3005413029336983
MSFT,2024-11-14,2.7731257810993886,1.3057104069054821
MSFT,2024-11-15,2.6958870383909326,1.2693429868417792
MSFT,2024-11-18,2.700824098031642,1.2716675731249991
MSFT,2024-11-19,2.7140111762205907,1.2778766334371356
MSFT,2024-11-20,2.6990698864887475,1.2708416126571827
MSFT,2024-11-21,2.687418711781812,1.2653557237115003
MSFT,2024-11-22,2.7143013928511164,1.2780132802770725
MSFT,2024-11-25,2.725952766200509,1.283499262752419
MSFT,2024-11-26,2.785836514675059,1.3116951830819803
MSFT,2024-11-27,2.7532909344250456,1.2963712828388498
MSFT,2024-11-29,2.7563502269142455,1.2978117332028907
MSFT,2024-12-02,2.8052989067414384,1.320858939027544
MSFT,2024-12-03,2.806730920218137,1.3215331943794284
MSFT,2024-12-04,2.8472176299948524,1.3405961300230693
MSFT,2024-12-05,2.8810649142693916,1.356532930158126
MSFT,2024-12-06,2.8872486539738773,1.3594445086161866
MSFT,2024-12-09,2.903195869110909,1.3669531636175218
MSFT,2024-12-10,2.8856863310450054,1.3587088978043445
MSFT,2024-12-11,2.9225279517251153,1.3760555641031276
MSFT,2024-12-12,2.926238195547807,1.3778025111779642
MSFT,2024-12-13,2.9113322641734123,1.3707841386783042
MSFT,2024-12-16,2.9394516931836137,1.3840240109354884
MSFT,2024-12-17,2.9581328244643283,1.3928199147102989
MSFT,2024-12-18,2.8470223644590504,1.340504190362797
MSFT,2024-12-19,2.8446789793869716,1.339400820909866
MSFT,2024-12-20,2.84188010715966,1.3380829879360763
MSFT,2024-12-23,2.833092760763665,1.3339455161644982
MSFT,2024-12-24,2.8596498668449946,1.34644977760984
MSFT,2024-12-26,2.851708737318293,1.3427107422093296
MSFT,2024-12-27,2.802369725061954,1.3194797505937965
MSFT,2024-12-30,2.765267684119956,1.302010466904762
NVDA,2022-01-03,5.034731125597084,1
NVDA,2022-01-04,4.895829615970581,0.9724113351514815
NVDA,2022-01-05,4.614013721090294,0.916436966739332
NVDA,2022-01-06,4.709957726050983,0.9354933974736168
NVDA,2022-01-07,4.554340797917495,0.9045847105444745
NVDA,2022-01-10,4.579914816607576,0.9096642307913574
NVDA,2022-01-11,4.649616735409436,0.9235084494920321
NVDA,2022-01-12,4.680038714062732,0.9295508731874361
NVDA,2022-01-13,4.4420160468720225,0.8822747304793224
NVDA,2022-01-14,4.503360096748432,0.894458906425587
NVDA,2022-01-18,4.329690976482636,0.859964686985974
NVDA,2022-01-19,4.189953743832371,0.8322100305476535
NVDA,2022-01-20,4.036677287246897,0.801766208869431
NVDA,2022-01-21,3.906968730881778,0.7760034515087316
NVDA,2022-01-24,3.906634058459576,0.7759369787589753
NVDA,2022-01-25,3.7314611477012707,0.7411440759428332
NVDA,2022-01-26,3.80634442151289,0.756017417129
NVDA,2022-01-27,3.667944281831862,0.7285283345487232
NVDA,2022-01-28,3.8177101907672726,0.7582748900646644
NVDA,2022-01-31,4.0928399821135475,0.8129212623302035
NVDA,2022-02-01,4.118246345248614,0.8179674827740119
NVDA,2022-02-02,4.219205007695789,0.8380199264753033
NVDA,2022-02-03,4.002912735842466,0.7950598822430163
NVDA,2022-02-04,4.064925811219366,0.8073769402605973
NVDA,2022-02-07,4.133289998364161,0.8209554582468357
NVDA,2022-02-08,4.196806544889655,0.8335711362127493
NVDA,2022-02-09,4.463744845489838,0.8865905118141676
NVDA,2022-02-10,4.316487063657457,0.8573421213522205
NVDA,2022-02-11,4.0030794333657385,0.7950929917615017
NVDA,2022-02-14,4.056234227903457,0.8056506150410199
NVDA,2022-02-15,4.428644159147914,0.8796188016142983
NVDA,2022-02-16,4.431318983774216,0.880150076186778
NVDA,2022-02-17,4.096349571731868,0.8136183382078959
NVDA,2022-02-18,3.9517646984623034,0.7849008417492507
NVDA,2022-02-22,3.9096425974763367,0.7765345357966222
NVDA,2022-02-23,3.7419908745879766,0.7432354938604995
NVDA,2022-02-24,3.9694825375163236,0.7884199649381616
NVDA,2022-02-25,4.037847044005033,0.8019985463525964
NVDA,2022-02-28,4.075957866083289,0.8095681307310942
NVDA,2022-03-01,3.9241848806464095,0.7794229290012044
NVDA,2022-03-02,4.049067511778402,0.8042271594589295
NVDA,2022-03-03,3.964474905595951,0.7874253473914741
NVDA,2022-03-04,3.8344099614224567,0.7615918041636678
NVDA,2022-03-07,3.569598171947697,0.7089947969216266
NVDA,2022-03-08,3.596681409976831,0.7143740788243761
NVDA,2022-03-09,3.8474500508195923,0.7641818311327027
NVDA,2022-03-10,3.7879345641965494,0.7523608450386369
NVDA,2022-03-11,3.6946487779786183,0.7338323906106226
NVDA,2022-03-14,3.5659209267743606,0.7082644212408596
NVDA,2022-03-15,3.8405956530427368,0.7628204083266252
NVDA,2022-03-16,4.095208555926021,0.8133917092624005
NVDA,2022-03-17,4.140346860182692,0.8223570945293879
NVDA,2022-03-18,4.422377034829483,0.878374023261276
NVDA,2022-03-21,4.46935412134478,0.8877046280827451
NVDA,2022-03-22,4.434247367468483,0.8807317127471455
NVDA,2022-03-23,4.285458012223048,0.8511791206555887
NVDA,2022-03-24,4.706079613555542,0.9347231254573568
NVDA,2022-03-25,4.629511800595911,0.9195152005355368
NVDA,2022-03-28,4.71761527377234,0.93701434219347
NVDA,2022-03-29,4.790671900394078,0.9515248740966159
NVDA,2022-03-30,4.629177766861538,0.9194488546421732
NVDA,2022-03-31,4.561636528983933,0.9060337911178832
NVDA,2022-04-01,4.465676876171443,0.8869742524019781
NVDA,2022-04-04,4.574008870256236,0.908491189728387
NVDA,2022-04-05,4.335109923364646,0.8610410000495374
NVDA,2022-04-06,4.080329045582432,0.8104363358824913
NVDA,2022-04-07,4.047061073964761,0.8038286401013734
NVDA,2022-04-08,3.86500342775774,0.7676682888005023
NVDA,2022-04-11,3.6640549922994206,0.7277558425455917
NVDA,2022-04-12,3.595010602617135,0.7140422225011652
NVDA,2022-04-13,3.7118681211823934,0.7372525023850587
NVDA,2022-04-14,3.5538838966120885,0.7058736222365048
NVDA,2022-04-18,3.6416533360541434,0.7233064180010743
NVDA,2022-04-19,3.711032398158631,0.7370865107952569
NVDA,2022-04-20,3.591332399412056,0.7133116565358094
NVDA,2022-04-21,3.3741673606409104,0.670178263042946
NVDA,2022-04-22,3.2624915164293262,0.6479971690727412
NVDA,2022-04-25,3.3271902741256145,0.6608476582214772
NVDA,2022-04-26,3.1409524160802116,0.6238570318306157
NVDA,2022-04-27,3.078595726651509,0.6114717250737812
NVDA,2022-04-28,3.3071284507405228,0.6568629720714868
NVDA,2022-04-29,3.10066239113067,0.615854613440346
NVDA,2022-05-02,3.26550101347783,0.6485949163949772
NVDA,2022-05-03,3.277036673694628,0.6508861331310903
NVDA,2022-05-04,3.3994111777235902,0.6751921985348213
NVDA,2022-05-05,3.150314621616182,0.6257165562624909
NVDA,2022-05-06,3.1220613074849983,0.6201048734483798
NVDA,2022-05-09,2.8336790630385686,0.562826294463245
NVDA,2022-05-10,2.9415084098022297,0.5842433958086267
NVDA,2022-05-11,2.780180973792962,0.5522004858726696
NVDA,2022-05-12,2.70411485012272,0.5370922066472876
NVDA,2022-05-13,2.960065165319155,0.5879291448693026
NVDA,2022-05-16,2.8861724963297406,0.5732525579481588
NVDA,2022-05-17,3.038806432959613,0.6035687620953606
NVDA,2022-05-18,2.8316723058810136,0.5624277116774924
NVDA,2022-05-19,2.8627681001935144,0.5686039688671578
NVDA,2022-05-20,2.7908805916420834,0.5543256475907846
NVDA,2022-05-23,2.8249855636591734,0.5610995886744895
NVDA,2022-05-24,2.700604302472656,0.5363949404850062
NVDA,2022-05-25,2.837858316845208,0.5636563792686462
NVDA,2022-05-26,2.9843052844791433,0.5927437255401053
NVDA,2022-05-27,3.1447982748403063,0.6246208975990462
NVDA,2022-05-31,3.121560256883438,0.6200053546083344
NVDA,2022-06-01,3.0627128377291424,0.608317060300996
NVDA,2022-06-02,3.2753639502714464,0.6505538962387016
NVDA,2022-06-03,3.1295847307623434,0.6215991783257734
NVDA,2022-06-06,3.140618382345838,0.6237906859372521
NVDA,2022-06-07,3.1640234171698927,0.6284394018746456
NVDA,2022-06-08,3.1182068264392173,0.6193392951186485
NVDA,2022-06-09,3.0178785488788993,0.5994120586769169
NVDA,2022-06-10,2.8382910278491047,0.5637423244746765
NVDA,2022-06-13,2.616397623410655,0.5196697813928184
NVDA,2022-06-14,2.6480011745469167,0.5259468894146522
NVDA,2022-06-15,2.763546349296298,0.5488965111257179
NVDA,2022-06-16,2.608705426874595,0.5181419547136632
NVDA,2022-06-17,2.6553586986607756,0.5274082433440512
NVDA,2022-06-21,2.770067032682694,0.550191651466628
NVDA,2022-06-22,2.7356213207090296,0.5433500324974363
NVDA,2022-06-23,2.713047538093937,0.5388664201550959
NVDA,2022-06-24,2.8637072906455145,0.5687905111925712
NVDA,2022-06-27,2.820733180096156,0.560254978812128
NVDA,2022-06-28,2.672414537780421,0.5307958798819652
NVDA,2022-06-29,2.598839935329664,0.5161824674443681
NVDA,2022-06-30,2.5347971100333786,0.503462259810899
NVDA,2022-07-01,2.428448720672353,0.48233930672600833
NVDA,2022-07-05,2.502190659334211,0.49698595553848346
NVDA,2022-07-06,2.5299478726945064,0.5024991026495923
NVDA,2022-07-07,2.6516796970959104,0.5266775188082045
NVDA,2022-07-08,2.6483358469691187,0.5260133621644085
NVDA,2022-07-11,2.533626554915457,0.5032297637572427
NVDA,2022-07-12,2.52192180209603,0.5009049617911716
NVDA,2022-07-13,2.535633312073012,0.5036283465429952
NVDA,2022-07-14,2.570413856140836,0.5105364699760413
NVDA,2022-07-15,2.635626917211128,0.5234891102349704
NVDA,2022-07-18,2.692312537737469,0.5347480273672369
NVDA,2022-07-19,2.8413005248976084,0.5643400717969125
NVDA,2022-07-20,2.977579582299757,0.5914078642971499
NVDA,2022-07-21,3.0182122632693584,0.5994783411420843
NVDA,2022-07-22,2.895978909250523,0.5752003110011322
NVDA,2022-07-25,2.846651451525869,0.5654028746546572
NVDA,2022-07-26,2.764549408531161,0.5490957390903978
NVDA,2022-07-27,2.9747371021184397,0.5908432899215957
NVDA,2022-07-28,3.0071766956223778,0.5972864529614276
NVDA,2022-07-29,3.0371081620232863,0.6032314509472652
NVDA,2022-08-01,3.0835937782544516,0.6124644397745787
NVDA,2022-08-02,3.0978064985049514,0.6152873750805458
NVDA,2022-08-03,3.159174179831021,0.6274762447133391
NVDA,2022-08-04,3.2130171605040876,0.6381705557559534
NVDA,2022-08-05,3.1752266403718887,0.6306645898583768
NVDA,2022-08-08,2.9752384720639142,0.5909428721898375
NVDA,2022-08-09,2.857018951704103,0.5674620710485867
NVDA,2022-08-10,3.0260716363445628,0.6010393724820194
NVDA,2022-08-11,3.000153684258764,0.5958915400676867
NVDA,2022-08-12,3.12840699040635,0.6213652551376997
NVDA,2022-08-15,3.1824169879466035,0.6320927391269958
NVDA,2022-08-16,3.1568333889390923,0.627011316034223
NVDA,2022-08-17,3.0658689136343167,0.6089439211653485
NVDA,2022-08-18,3.1391088436628714,0.623490860853189
NVDA,2022-08-19,2.9846029130072846,0.5928028406190871
NVDA,2022-08-22,2.8483238556051362,0.5657350481188497
NVDA,2022-08-23,2.87290407603387,0.5706171798187463
NVDA,2022-08-24,2.8797597511863824,0.5719788563376089
NVDA,2022-08-25,2.995304766263806,0.5949284463345764
NVDA,2022-08-26,2.7189001540115862,0.5400288687092787
NVDA,2022-08-29,2.6421485586292675,0.5247844408604694
NVDA,2022-08-30,2.586466636025618,0.5137248785492753
NVDA,2022-08-31,2.5239282399096705,0.5013034811487278
NVDA,2022-09-01,2.330461553347878,0.46287706239158927
NVDA,2022-09-02,2.281969499303072,0.4532455542067197
NVDA,2022-09-06,2.251536662956689,0.4472009739526403
NVDA,2022-09-07,2.293854362090173,0.4556061296755223
NVDA,2022-09-08,2.3400190376874517,0.4647753731655217
NVDA,2022-09-09,2.4064230918861815,0.4779645688826723
NVDA,2022-09-12,2.426159982838458,0.48188471684289447
NVDA,2022-09-13,2.1963393447430124,0.4362376639293805
NVDA,2022-09-14,2.1958381344694953,0.43613811337523695
NVDA,2022-09-15,2.1625522795926226,0.42952686561512443
NVDA,2022-09-16,2.207546240400023,0.4384635813373695
NVDA,2022-09-19,2.238322690798209,0.44457641033070255
NVDA,2022-09-20,2.203866280803415,0.43773266651693377
NVDA,2022-09-21,2.2180839508845867,0.4405565849599441
NVDA,2022-09-22,2.1009993787962506,0.4173012076284584
NVDA,2022-09-23,2.093472442735848,0.41580620504090515
NVDA,2022-09-26,2.0453005309651426,0.4062382836228587
NVDA,2022-09-27,2.07624431757443,0.4123843489910699
NVDA,2022-09-28,2.130270441982356,0.4231150361042807
NVDA,2022-09-29,2.043962479964163,0.40597251948022617
NVDA,2022-09-30,2.0304139950554383,0.40328151482263025
NVDA,2022-10-03,2.0928035769073157,0.4156733546836871
NVDA,2022-10-04,2.202361053263292,0.43743369771352136
NVDA,2022-10-05,2.2093859806903913,0.43882899117644014
NVDA,2022-10-06,2.196172327875826,0.43620449098269876
NVDA,2022-10-07,2.019876444242832,0.4011885429141539
NVDA,2022-10-10,1.9519671625039787,0.3877003783935908
NVDA,2022-10-11,1.9379171479778226,0.384909759753655
NVDA,2022-10-12,1.9235326207014214,0.3820527000780611
NVDA,2022-10-13,2.0004739063688435,0.3973348042754917
NVDA,2022-10-14,1.877869474721574,0.3729830705704015
NVDA,2022-10-17,1.988430649000242,0.3949427684213083
NVDA,2022-10-18,2.001644940502636,0.3975673954714424
NVDA,2022-10-19,2.015694476012921,0.40035791896908374
NVDA,2022-10-20,2.0396134948670657,0.40510872258847425
NVDA,2022-10-21,2.085109304635812,0.4141451157212556
NVDA,2022-10-24,2.107355600066775,0.41856368244825737
NVDA,2022-10-25,2.2180839508845867,0.4405565849599441
NVDA,2022-10-26,2.1570324200336892,0.4284305092415199
NVDA,2022-10-27,2.203866280803415,0.43773266651693377
NVDA,2022-10-28,2.3139260851366084,0.4595927820995988
NVDA,2022-10-31,2.2575578924610964,0.44839691259448655
NVDA,2022-11-01,2.2652524840765147,0.44992521498511434
NVDA,2022-11-02,2.2110585444416158,0.43916119635473083
NVDA,2022-11-03,2.24484592893592,0.4458720580971833
NVDA,2022-11-04,2.367784873333434,0.4702902328379316
NVDA,2022-11-07,2.392038085593909,0.4751074140647839
NVDA,2022-11-08,2.4423844100771848,0.48510721807165724
NVDA,2022-11-09,2.3042245766916785,0.4576658652091205
NVDA,2022-11-10,2.634403191331473,0.5232460533866248
NVDA,2022-11-11,2.730914191412028,0.5424151008834976
NVDA,2022-11-14,2.7255616680641954,0.5413519808847713
NVDA,2022-11-15,2.787616896837785,0.5536774114242681
NVDA,2022-11-16,2.6611653290547634,0.5285615582379621
NVDA,2022-11-17,2.6221930767676422,0.5208208762998577
NVDA,2022-11-18,2.577366452171343,0.5119173969524908
NVDA,2022-11-21,2.5619780673002928,0.5088609507417261
NVDA,2022-11-22,2.682575741790007,0.5328141016610639
NVDA,2022-11-23,2.7630290121551075,0.5487937574476595
NVDA,2022-11-25,2.7213804981940704,0.540521515510192
NVDA,2022-11-28,2.647282331395794,0.5258041125447082
NVDA,2022-11-29,2.6158370151690753,0.519558433194157
NVDA,2022-11-30,2.8313274144535536,0.5623592092254536
NVDA,2022-12-01,2.866796623672597,0.5694041155638903
NVDA,2022-12-02,2.823463889907463,0.560797353318966
NVDA,2022-12-05,2.7789607606963647,0.5519581267344836
NVDA,2022-12-06,2.6747288231274613,0.5312555440207857
NVDA,2022-12-07,2.696981026420839,0.5356752841694195
NVDA,2022-12-08,2.872485416162203,0.5705340254533546
NVDA,2022-12-09,2.8443774035120324,0.5649512024685746
NVDA,2022-12-12,2.9337196117320885,0.5826963821000809
NVDA,2022-12-13,3.023563189897619,0.6005411439998289
NVDA,2022-12-14,2.9569748742603297,0.5873153502133946
NVDA,2022-12-15,2.8361798452315687,0.5633230006687234
NVDA,2022-12-16,2.7724356064951676,0.5506620983988249
NVDA,2022-12-19,2.7193996078935747,0.5401280704083424
NVDA,2022-12-20,2.6911252170640463,0.5345122013332734
NVDA,2022-12-21,2.7607243071254968,0.5483359961547289
NVDA,2022-12-22,2.5663139592969038,0.5097221470774285
NVDA,2022-12-23,2.5440625543633115,0.5053025654992854
NVDA,2022-12-27,2.3625350190540537,0.46924750500432605
NVDA,2022-12-28,2.348313995861782,0.4664229205652543
NVDA,2022-12-29,2.443176542656643,0.48526455171265964
NVDA,2022-12-30,2.445017081306797,0.485630120122221
NVDA,2023-01-03,2.3949921764732793,0.47569415659495623
NVDA,2023-01-04,2.467603158662591,0.49011617445012035
NVDA,2023-01-05,2.3866272819817143,0.4740327184202269
NVDA,2023-01-06,2.486007108116517,0.4937715731188513
NVDA,2023-01-09,2.6146656616913684,0.51932577857001
NVDA,2023-01-10,2.661679153412896,0.5286636142058608
NVDA,2023-01-11,2.6770708913950467,0.531720726412687
NVDA,2023-01-12,2.762397669236507,0.5486683599035105
NVDA,2023-01-13,2.8273126227627863,0.5615617899411633
NVDA,2023-01-17,2.9616596494833294,0.58824584185359
NVDA,2023-01-18,2.9072852805368425,0.5774459862922787
NVDA,2023-01-19,2.8048927639143932,0.557108749989455
NVDA,2023-01-20,2.984580878277197,0.5927984640735401
NVDA,2023-01-23,3.211113232086942,0.63779239684942
NVDA,2023-01-24,3.223159203878815,0.6401849718432722
NVDA,2023-01-25,3.2328631074031025,0.642112364445223
NVDA,2023-01-26,3.3130031013882597,0.6580297971712166
NVDA,2023-01-27,3.4071964630106737,0.6767385145332074
NVDA,2023-01-30,3.205927406262382,0.636762386369179
NVDA,2023-01-31,3.2686673083882627,0.6492238069616124
NVDA,2023-02-01,3.503899867799603,0.6959457775183705
NVDA,2023-02-02,3.6320560933972375,0.7214002104166986
NVDA,2023-02-03,3.5301671821276623,0.7011630003794909
NVDA,2023-02-06,3.528326164461637,0.7007973368276349
NVDA,2023-02-07,3.7096870022476223,0.7368192878041088
NVDA,2023-02-08,3.7150404836271975,0.7378825980874242
NVDA,2023-02-09,3.7371247120216458,0.7422689750047872
NVDA,2023-02-10,3.5577725474567012,0.7066459873832437
NVDA,2023-02-13,3.645273418666817,0.7240254400346977
NVDA,2023-02-14,3.843197028568746,0.7633370944139485
NVDA,2023-02-15,3.808564819749122,0.7564584333780988
NVDA,2023-02-16,3.681077300308063,0.7311368191228907
NVDA,2023-02-17,3.5783510692951546,0.7107333003548998
NVDA,2023-02-21,3.4557156612881967,0.6863754141147653
NVDA,2023-02-22,3.4722787527480543,0.6896651809457385
NVDA,2023-02-23,3.9591402655073207,0.7863657793717425
NVDA,2023-02-24,3.8958993127798798,0.7738048399392636
NVDA,2023-02-27,3.9318695726004838,0.7809492651177459
NVDA,2023-02-28,3.8841873747223805,0.7714786108387751
NVDA,2023-03-01,3.7975225458799406,0.7542652132053191
NVDA,2023-03-02,3.900583129971137,0.7747351412948701
NVDA,2023-03-03,3.9969521816817783,0.7938759949584732
NVDA,2023-03-06,3.94073711441318,0.7827105392735022
NVDA,2023-03-07,3.8968953464486282,0.7740026724836242
NVDA,2023-03-08,4.046325944274008,0.8036826283934163
NVDA,2023-03-09,3.921661105691579,0.7789216559655899
NVDA,2023-03-10,3.8428460696069138,0.7632673868261792
NVDA,2023-03-13,3.843013086474101,0.763300559772861
NVDA,2023-03-14,4.026579952020174,0.7997606727295987
NVDA,2023-03-15,4.054190107507927,0.8052446111562966
NVDA,2023-03-16,4.273900636620077,0.8488835908021249
NVDA,2023-03-17,4.304690499462664,0.8549990837797039
NVDA,2023-03-20,4.333974017061427,0.8608153859551831
NVDA,2023-03-21,4.384006905492803,0.8707529351873563
NVDA,2023-03-22,4.429020346278977,0.8796935200295777
NVDA,2023-03-23,4.550003468873269,0.9037232287818887
NVDA,2023-03-24,4.481061588587479,0.890029969188485
NVDA,2023-03-27,4.439562208234427,0.8817873482187046
NVDA,2023-03-28,4.419315165379032,0.8777658737148416
NVDA,2023-03-29,4.515364873175359,0.8968432991821124
NVDA,2023-03-30,4.58213170206075,0.9101045493302965
NVDA,2023-03-31,4.648061849890636,0.9231996176040899
NVDA,2023-04-03,4.679521057577628,0.9294480560811815
NVDA,2023-04-04,4.593844917493907,0.9124310321435705
NVDA,2023-04-05,4.498129562775868,0.8934200159978596
NVDA,2023-04-06,4.524234011707627,0.8986048904788504
NVDA,2023-04-10,4.614929280092635,0.9166188153782169
NVDA,2023-04-11,4.546322391572962,0.9029920919627659
NVDA,2023-04-12,4.433538423978704,0.8805909021512877
NVDA,2023-04-13,4.428183345879558,0.8795272747269908
NVDA,2023-04-14,4.477547528154357,0.8893320053160438
NVDA,2023-04-17,4.518377244319091,0.8974416173581153
NVDA,2023-04-18,4.629654866669525,0.9195436163674938
NVDA,2023-04-19,4.673830987712365,0.9283178924789318
NVDA,2023-04-20,4.535445537851395,0.9008317275956862
NVDA,2023-04-21,4.537954942330082,0.9013301463624658
NVDA,2023-04-24,4.525070373419218,0.8987710089250449
NVDA,2023-04-25,4.391035026359046,0.8721488629322386
NVDA,2023-04-26,4.51067945926453,0.8959126806855242
NVDA,2023-04-27,4.555860236261805,0.9048865019026238
NVDA,2023-04-28,4.643376435979809,0.9222689991075018
NVDA,2023-05-01,4.837652180348518,0.9608561132000483
NVDA,2023-05-02,4.720517790609549,0.9375908410699346
NVDA,2023-05-03,4.652245255168162,0.9240305269760435
NVDA,2023-05-04,4.612084245160004,0.9160537335770921
NVDA,2023-05-05,4.799165171139198,0.9532118104062709
NVDA,2023-05-08,4.87797924919212,0.9688658892610926
NVDA,2023-05-09,4.780925524129187,0.9495890455445529
NVDA,2023-05-10,4.833469413758821,0.9600253306844873
NVDA,2023-05-11,4.782096877606894,0.9498217001686998
NVDA,2023-05-12,4.742270859364852,0.9419114429477009
NVDA,2023-05-15,4.844847637425861,0.9622852773198085
NVDA,2023-05-16,4.888354732968211,0.9709266713599302
NVDA,2023-05-17,5.049832899305036,1.0029995194045564
NVDA,2023-05-18,5.300834661205247,1.0528535742962055
NVDA,2023-05-19,5.231558427841169,1.0390939053812418
NVDA,2023-05-22,5.216833160608194,1.0361691678201612
NVDA,2023-05-23,5.13517404762264,1.0199500071642147
NVDA,2023-05-24,5.110073296613574,1.0149644875042965
NVDA,2023-05-25,6.3553794799659995,1.2623076230733763
NVDA,2023-05-26,6.517024982513925,1.2944137074928805
NVDA,2023-05-30,6.711971029758781,1.3331339573695287
NVDA,2023-05-31,6.33094903183308,1.2574552391975597
NVDA,2023-06-01,6.654909381773335,1.3218003535360807
NVDA,2023-06-02,6.580780717631241,1.3070768931778471
NVDA,2023-06-05,6.554676268699482,1.3018920186968561
NVDA,2023-06-06,6.468163447560256,1.2847088128848543
NVDA,2023-06-07,6.2715236001938734,1.2456521398548597
NVDA,2023-06-08,6.4447351006304565,1.2800554666891286
NVDA,2023-06-09,6.488246347643693,1.2886976852958025
NVDA,2023-06-12,6.607400587640704,1.3123641407677185
NVDA,2023-06-13,6.865122622873758,1.3635529786229852
NVDA,2023-06-14,7.195644212877528,1.4292012886833505
NVDA,2023-06-15,7.138074808068319,1.4177668340177338
NVDA,2023-06-16,7.14460092030126,1.4190630526379817
NVDA,2023-06-20,7.331366015149197,1.4561583989809879
NVDA,2023-06-21,7.203676351010376,1.4307966346775014
NVDA,2023-06-22,7.2003289881005275,1.4301317803235458
NVDA,2023-06-23,7.063769866085525,1.403008361295125
NVDA,2023-06-26,6.799855752353904,1.350589650712974
NVDA,2023-06-27,7.008041798286257,1.3919396336095609
NVDA,2023-06-28,6.8810208403040125,1.3667106879491944
NVDA,2023-06-29,6.831652187214412,1.3569050693653926
NVDA,2023-06-30,7.079333411093576,1.406099597871578
NVDA,2023-07-03,7.097909646589275,1.40978921605223
NVDA,2023-07-05,7.081844092947921,1.4065982703511428
NVDA,2023-07-06,7.04603095033316,1.3994850518452562
NVDA,2023-07-07,7.112971182964024,1.4127807435040487
NVDA,2023-07-10,7.058916477275766,1.4020443795672661
NVDA,2023-07-11,7.096570956900467,1.409523325053205
NVDA,2023-07-12,7.347096896368349,1.459282871932319
NVDA,2023-07-13,7.694352746170049,1.5282549463368915
NVDA,2023-07-14,7.609337647988959,1.5113692187656884
NVDA,2023-07-17,7.775351136596885,1.5443428740546263
NVDA,2023-07-18,7.948226687235608,1.5786794744263537
NVDA,2023-07-19,7.878440461640369,1.5648185106818473
NVDA,2023-07-20,7.61787243344294,1.5130644007408667
NVDA,2023-07-21,7.415209121164749,1.4728113450716511
NVDA,2023-07-24,7.465917741318815,1.4828831083672636
NVDA,2023-07-25,7.644482723134973,1.5183497454848478
NVDA,2023-07-26,7.606493571088071,1.5108043272491525
NVDA,2023-07-27,7.681467219227442,1.5256956186148816
NVDA,2023-07-28,7.823717049795536,1.5539493281019447
NVDA,2023-07-31,7.8202017119867575,1.5532511105167184
NVDA,2023-08-01,7.78304924099536,1.5458718741554138
NVDA,2023-08-02,7.408515672720709,1.4714818900765254
NVDA,2023-08-03,7.44968421277853,1.4796587994349053
NVDA,2023-08-04,7.477296603673684,1.4851431818589775
NVDA,2023-08-07,7.600636165011707,1.5096409272720248
NVDA,2023-08-08,7.474620501671725,1.4846116535737126
NVDA,2023-08-09,7.121506607105833,1.4144760523356195
NVDA,2023-08-10,7.0937262413117494,1.4089583066802764
NVDA,2023-08-11,6.837175559556402,1.3580021234491566
NVDA,2023-08-14,7.322161246162983,1.4543301446499044
NVDA,2023-08-15,7.353455672390187,1.4605458541776883
NVDA,2023-08-16,7.27747864567204,1.4454552714190834
NVDA,2023-08-17,7.2537143489443805,1.440735198760816
NVDA,2023-08-18,7.246183580757006,1.4392394350349067
NVDA,2023-08-21,7.8600322010436,1.5611622557324658
NVDA,2023-08-22,7.6426413861250335,1.5179840185047955
NVDA,2023-08-23,7.884967851248966,1.5661149830148804
NVDA,2023-08-24,7.892832653170714,1.5676770926341532
NVDA,2023-08-25,7.701214808200848,1.529617891419681
NVDA,2023-08-28,7.837941266426951,1.5567745468229799
NVDA,2023-08-29,8.164110837566437,1.621558457423728
NVDA,2023-08-30,8.24443924446104,1.6375133127855577
NVDA,2023-08-31,8.259668755734719,1.640538203468647
NVDA,2023-09-01,8.118088908698857,1.6124175663374891
NVDA,2023-09-05,8.124615020931795,1.6137137849577365
NVDA,2023-09-06,7.876411350408812,1.5644154879223515
NVDA,2023-09-07,7.739172025856319,1.537156966835743
NVDA,2023-09-08,7.627203662619222,1.5149177726376977
NVDA,2023-09-11,7.561261699064506,1.50182035752064
NVDA,2023-09-12,7.5097125657279635,1.4915816512122808
NVDA,2023-09-13,7.612643496189948,1.512025827454121
NVDA,2023-09-14,7.628710965894788,1.5152171537243861
NVDA,2023-09-15,7.3473677000076885,1.4593366590428087
NVDA,2023-09-18,7.35841444469167,1.461530767210337
NVDA,2023-09-19,7.283768443408387,1.4467045531740452
NVDA,2023-09-20,7.069373074406094,1.4041212724279724
NVDA,2023-09-21,6.864851180546591,1.3634990646561027
NVDA,2023-09-22,6.964099436988695,1.3832117869378382
NVDA,2023-09-25,7.06652708144172,1.4035560003422585
NVDA,2023-09-26,7.0144765781597025,1.3932177117656577
NVDA,2023-09-27,7.1076994536265135,1.4117336708389945
NVDA,2023-09-28,7.211633762667275,1.4323771384737107
NVDA,2023-09-29,7.280254382975265,1.446006589301604
NVDA,2023-10-02,7.494985063087587,1.4886564696538258
NVDA,2023-10-03,7.283265796087255,1.446604717193018
NVDA,2023-10-04,7.37096721527556,1.4640240027517686
NVDA,2023-10-05,7.479252265804949,1.485531616133317
NVDA,2023-10-06,7.659003290918873,1.5212338255720794
NVDA,2023-10-09,7.577160555182589,1.5049781937032418
NVDA,2023-10-10,7.6650286718941665,1.5224305887804779
NVDA,2023-10-11,7.833733591011938,1.555938816908105
NVDA,2023-10-12,7.856996517794122,1.5605593072981305
NVDA,2023-10-13,7.608625511060038,1.5112277738878674
NVDA,2023-10-16,7.71473646822077,1.5323035681087849
NVDA,2023-10-17,7.353727753405184,1.4605998950009635
NVDA,2023-10-18,7.062176339953093,1.4026918545954266
NVDA,2023-10-19,7.046276845147182,1.3995338915564322
NVDA,2023-10-20,6.926777075034883,1.375798806776085
NVDA,2023-10-23,7.192554241162616,1.4285875574556388
NVDA,2023-10-24,7.307701353722804,1.4514581159199762
NVDA,2023-10-25,6.9923837274795675,1.3888296222869936
NVDA,2023-10-26,6.749202059353101,1.340528797067131
NVDA,2023-10-27,6.778323669587306,1.3463129411470696
NVDA,2023-10-30,6.888952065759938,1.3682859906333045
NVDA,2023-10-31,6.825186111637363,1.3556207752460552
NVDA,2023-11-01,7.083767181999924,1.406980234949456
NVDA,2023-11-02,7.281425097765143,1.4462391170693583
NVDA,2023-11-03,7.532307425041401,1.496069449815579
NVDA,2023-11-06,7.6571625925967615,1.5208682254484198
NVDA,2023-11-07,7.691305566539656,1.5276497144874883
NVDA,2023-11-08,7.794904564470387,1.5482265825160555
NVDA,2023-11-09,7.857833837537456,1.560725616028914
NVDA,2023-11-10,8.089636004621227,1.6067662409006702
NVDA,2023-11-13,8.137335127726788,1.6162402568740464
NVDA,2023-11-14,8.310726738131045,1.650679357211047
NVDA,2023-11-15,8.182189535243632,1.6251492544744943
NVDA,2023-11-16,8.281270455474637,1.6448287403813517
NVDA,2023-11-17,8.250810155551623,1.638778705302388
NVDA,2023-11-20,8.436753259164112,1.6757107874680344
NVDA,2023-11-21,8.358927869869909,1.6602530823090575
NVDA,2023-11-22,8.1534019587438,1.619431456287919
NVDA,2023-11-24,7.996079095420042,1.5881839359339696
NVDA,2023-11-27,8.074071182237518,1.603674750611432
NVDA,2023-11-28,8.003609863607416,1.5896796996598788
NVDA,2023-11-29,8.057000333953898,1.6002841329482902
NVDA,2023-11-30,7.827707571348816,1.5547419268433138
NVDA,2023-12-01,7.826870251605482,1.5545756181125303
NVDA,2023-12-04,7.616826901467473,1.5128567368260744
NVDA,2023-12-05,7.7942518255095274,1.5480969352827523
NVDA,2023-12-06,7.61632489283417,1.51275702770144
NVDA,2023-12-07,7.799271911842558,1.5490940265290967
NVDA,2023-12-08,7.951588739965516,1.5793472464773406
NVDA,2023-12-11,7.804461250450175,1.5501247347194973
NVDA,2023-12-12,7.976862894720056,1.5843672076478674
NVDA,2023-12-13,8.049004601027281,1.598696017768521
NVDA,2023-12-14,8.092858184716663,1.6074062314016633
NVDA,2023-12-15,8.183243370160872,1.6253585675223912
NVDA,2023-12-18,8.381924463827556,1.6648206735833422
NVDA,2023-12-19,8.30275335927843,1.649095682005021
NVDA,2023-12-20,8.052853972570434,1.5994605812471112
NVDA,2023-12-21,8.199982100773603,1.6286832198613472
NVDA,2023-12-22,8.173201281431325,1.6233640044605244
NVDA,2023-12-26,8.248354400850541,1.6382909424725922
NVDA,2023-12-27,8.271452546172938,1.6428787039133101
NVDA,2023-12-28,8.289028596529002,1.6463696649830495
NVDA,2023-12-29,8.289028596529002,1.6463696649830495
NVDA,2024-01-02,8.062394691354505,1.601355562040736
NVDA,2024-01-03,7.962133476016194,1.5814416455202345
NVDA,2024-01-04,8.033940509901218,1.5957039828911317
NVDA,2024-01-05,8.217890907488384,1.6322402731116648
NVDA,2024-01-08,8.746144501045492,1.7371621806334814
NVDA,2024-01-09,8.894611957625298,1.766650837103135
NVDA,2024-01-10,9.097141784147306,1.8068773797862838
NVDA,2024-01-11,9.176146191173158,1.8225692618461193
NVDA,2024-01-12,9.157398787339387,1.818845646152233
NVDA,2024-01-16,9.437260297464066,1.8744318340028283
NVDA,2024-01-17,9.382191994191773,1.863494148970887
NVDA,2024-01-18,9.558611623591563,1.8985346754655104
NVDA,2024-01-19,9.95764717303594,1.977791251336194
NVDA,2024-01-22,9.984930001011522,1.9832101758616514
NVDA,2024-01-23,10.021586850247903,1.990490971662248
NVDA,2024-01-24,10.270816253423666,2.0399930000642525
NVDA,2024-01-25,10.313497844947513,2.048470432216855
NVDA,2024-01-26,10.215413277729171,2.028988842282555
NVDA,2024-01-29,10.455436634543064,2.0766623626406906
NVDA,2024-01-30,10.50715693621768,2.086935066462284
NVDA,2024-01-31,10.298433753821449,2.045478397339466
NVDA,2024-02-01,10.54950513269498,2.0953462795779156
NVDA,2024-02-02,11.073909354708938,2.1995036236211423
NVDA,2024-02-05,11.60484160501932,2.3049575668537945
NVDA,2024-02-06,11.419215929257659,2.268088532315302
NVDA,2024-02-07,11.733220413325231,2.330456209204966
NVDA,2024-02-08,11.65655999063045,2.31522989010621
NVDA,2024-02-09,12.07367551512768,2.3980775167404453
NVDA,2024-02-12,12.09292301153127,2.401900460989788
NVDA,2024-02-13,12.072837556696518,2.397911081153269
NVDA,2024-02-14,12.369437797433928,2.4568219213428204
NVDA,2024-02-15,12.161547463966231,2.4155306729560375
NVDA,2024-02-16,12.154016057091027,2.414034782373735
NVDA,2024-02-20,11.624925782478414,2.308946692977528
NVDA,2024-02-21,11.293513222953706,2.2431214182493955
NVDA,2024-02-22,13.145748802001265,2.611013075786102
NVDA,2024-02-23,13.192447101279363,2.6202883077921726
NVDA,2024-02-26,13.238477333088715,2.6294308480115163
NVDA,2024-02-27,13.17302971391336,2.6164316197423814
NVDA,2024-02-28,12.9992900186425,2.5819233826713783
NVDA,2024-02-29,13.241824057310737,2.6300955755090794
NVDA,2024-03-01,13.771918349189956,2.7353830831545554
NVDA,2024-03-04,14.267030431319462,2.8337224124610016
NVDA,2024-03-05,14.389391522904024,2.8580258138804866
NVDA,2024-03-06,14.84736646255002,2.9489889513790524
NVDA,2024-03-07,15.51173209664209,3.0809454784544243
NVDA,2024-03-08,14.651188386483737,2.9100239955209544
NVDA,2024-03-11,14.357587423789573,2.8517088729513564
NVDA,2024-03-12,15.385187599780004,3.055811167662986
NVDA,2024-03-13,15.2136130562482,3.021732973763117
NVDA,2024-03-14,14.720820688312276,2.9238543868748286
NVDA,2024-03-15,14.702910604221838,2.9202970799117254
NVDA,2024-03-18,14.806356317073698,2.9408435024060533
NVDA,2024-03-19,14.964205459168248,2.9721955524275585
NVDA,2024-03-20,15.127240746431271,3.004577676357501
NVDA,2024-03-21,15.305174065984914,3.03991885250274
NVDA,2024-03-22,15.782902342794776,3.134805404513639
NVDA,2024-03-25,15.902248827828204,3.1585100437597466
NVDA,2024-03-26,15.493653398964895,3.077354681403658
NVDA,2024-03-27,15.106819341798662,3.000521570058441
NVDA,2024-03-28,15.124562089677998,3.004045640646665
NVDA,2024-04-01,15.125733443155706,3.0042782952708125
NVDA,2024-04-02,14.973242891943361,2.973990570383764
NVDA,2024-04-03,14.891557273412918,2.9577661451875215
NVDA,2024-04-04,14.379514854322093,2.85606410662432
NVDA,2024-04-05,14.731534037949713,2.925982276005386
NVDA,2024-04-08,14.585068867712662,2.896891314326736
NVDA,2024-04-09,14.287283222365314,2.8377450286723986
NVDA,2024-04-10,14.569334154366537,2.893766080237049
NVDA,2024-04-11,15.168083555696493,3.012689888955622
NVDA,2024-04-12,14.761328825155294,2.931900126723193
NVDA,2024-04-15,14.395584240090418,2.859255813463763
NVDA,2024-04-16,14.632273007751035,2.906267016595797
NVDA,2024-04-17,14.066499059013239,2.7938928034305013
NVDA,2024-04-18,14.172958101040575,2.8150377343854207
NVDA,2024-04-19,12.755009807450788,2.5334043644561324
NVDA,2024-04-22,13.310405078973352,2.6437171612406276
NVDA,2024-04-23,13.79666877992502,2.740299022083097
NVDA,2024-04-24,13.337019200792357,2.6490032671229646
NVDA,2024-04-25,13.831654821801704,2.747247961560483
NVDA,2024-04-26,14.685837201186905,2.916905954823013
NVDA,2024-04-29,14.689519875206786,2.917637408783118
NVDA,2024-04-30,14.4627077761281,2.872587912907251
NVDA,2024-05-01,13.90011449277688,2.760845444577425
NVDA,2024-05-02,14.36478543561823,2.8531385444966872
NVDA,2024-05-03,14.86226449484064,2.9519480035943486
NVDA,2024-05-06,15.423183138705193,3.0633578544626077
NVDA,2024-05-07,15.157704878481258,3.010628472574821
NVDA,2024-05-08,15.133936749626628,3.0059076387781976
NVDA,2024-05-09,14.85523509659874,2.9505518221366813
NVDA,2024-05-10,15.044549833258566,2.9881535791992047
NVDA,2024-05-13,15.131761378882313,3.0054755659047814
NVDA,2024-05-14,15.291951950556621,3.037292671461796
NVDA,2024-05-15,15.839979319288108,3.146142052900511
NVDA,2024-05-16,15.79461843232316,3.13713245818068
NVDA,2024-05-17,15.47992799752764,3.074628537525294
NVDA,2024-05-20,15.865088692582862,3.1511292851217303
NVDA,2024-05-21,15.966527648277168,3.1712771248303055
NVDA,2024-05-22,15.893546067475294,3.156781498553298
NVDA,2024-05-23,17.37476788687178,3.4509822775910908
NVDA,2024-05-24,17.821694804458136,3.5397510532093426
NVDA,2024-05-28,19.065725847560703,3.7868409199904676
NVDA,2024-05-29,19.22039304689302,3.8175609714637173
NVDA,2024-05-30,18.496437838389785,3.6737687429527304
NVDA,2024-05-31,18.351312635217198,3.644943925985891
NVDA,2024-06-03,19.2496858254653,3.8233791130568906
NVDA,2024-06-04,19.490224603356896,3.871155006523907
NVDA,2024-06-05,20.49505683563233,4.0707351245498256
NVDA,2024-06-06,20.253682654060885,4.022793302921205
NVDA,2024-06-07,20.235270561337146,4.019136286833467
NVDA,2024-06-10,20.38625508664958,4.049124884346612
NVDA,2024-06-11,20.24061510108712,4.020197821127285
NVDA,2024-06-12,20.958769746730738,4.162837939880092
NVDA,2024-06-13,21.697014956711733,4.309468453320557
NVDA,2024-06-14,22.077021440989917,4.38494546982819
NVDA,2024-06-17,21.92635753696745,4.355020554224162
NVDA,2024-06-18,22.69640812343856,4.5079682623065445
NVDA,2024-06-20,21.89287496623936,4.348370234695109
NVDA,2024-06-21,21.188112326986452,4.208390040783695
NVDA,2024-06-24,19.771888490533968,3.927099183114602
NVDA,2024-06-25,21.107757733890875,4.192429984309767
NVDA,2024-06-26,21.159654952094023,4.202737827352128
NVDA,2024-06-27,20.756213734007755,4.122606196084844
NVDA,2024-06-28,20.68088305937218,4.107643991995615
NVDA,2024-07-01,20.808109674835244,4.132913785414419
NVDA,2024-07-02,20.53524307380972,4.078716928776288
NVDA,2024-07-03,21.47437093440269,4.2652468222632205
NVDA,2024-07-05,21.064234990496725,4.183785482288025
NVDA,2024-07-08,21.460976373260664,4.262586389996257
NVDA,2024-07-09,21.99332012367232,4.368320685856698
NVDA,2024-07-10,22.58424943122853,4.485691264903485
NVDA,2024-07-11,21.327057586729218,4.235987395295112
NVDA,2024-07-12,21.63507756584253,4.297166427785508
NVDA,2024-07-15,21.50115494718411,4.270566671946006
NVDA,2024-07-16,21.15295767152301,4.201407611218646
NVDA,2024-07-17,19.751799203572244,3.923109042139727
NVDA,2024-07-18,20.27074583809056,4.0261823983076335
NVDA,2024-07-19,19.74175647615487,3.9211143522214678
NVDA,2024-07-22,20.68088305937218,4.107643991995615
NVDA,2024-07-23,20.52185106741901,4.076057003934895
NVDA,2024-07-24,19.12571524055259,3.7987560335278907
NVDA,2024-07-25,18.795932612366546,3.7332544963138385
NVDA,2024-07-26,18.926505952051627,3.7591890172302054
NVDA,2024-07-29,18.680424641183183,3.7103122639876456
NVDA,2024-07-30,17.36464340741234,3.4489713500545705
NVDA,2024-07-31,19.589419210021394,3.8908570728686582
NVDA,2024-08-01,18.282008618932576,3.6311787388178467
NVDA,2024-08-02,17.95724607707956,3.5666742928501383
NVDA,2024-08-05,16.815563481139268,3.3399129092807436
NVDA,2024-08-06,17.451692726327614,3.4662611152364105
NVDA,2024-08-07,16.55776480336678,3.288708848658357
NVDA,2024-08-08,17.572222061219666,3.490200692521733
NVDA,2024-08-09,17.535394043645212,3.482885899207902
NVDA,2024-08-12,18.25020068769115,3.6248610367503598
NVDA,2024-08-13,19.442105862347923,3.8615976459005497
NVDA,2024-08-14,19.76686712682528,3.9261018381554718
NVDA,2024-08-15,20.56705100505114,4.085034630843774
NVDA,2024-08-16,20.85498169720273,4.142223522359295
NVDA,2024-08-19,21.762301626554276,4.3224357137787415
NVDA,2024-08-20,21.30194565868315,4.230999655648322
NVDA,2024-08-21,21.5112002293528,4.272561869289836
NVDA,2024-08-22,20.714364352724616,4.114294057811883
NVDA,2024-08-23,21.656838937539604,4.301488678796378
NVDA,2024-08-26,21.169697679511398,4.204732517270387
NVDA,2024-08-27,21.477720213376024,4.2659120571863545
NVDA,2024-08-28,21.02740697292227,4.176470688974194
NVDA,2024-08-29,19.684839171618695,3.9098094179327623
NVDA,2024-08-30,19.982816423314627,3.968993760504898
NVDA,2024-09-03,18.079451328833937,3.5909467413098133
NVDA,2024-09-04,17.77980071502699,3.5314300349888956
NVDA,2024-09-05,17.947203349662185,3.564679602931879
NVDA,2024-09-06,17.21398078076553,3.4190466881633275
NVDA,2024-09-09,17.82332601317246,3.540075044436209
NVDA,2024-09-10,18.096191336822326,3.594271647361555
NVDA,2024-09-11,19.571005839921998,3.887199803068136
NVDA,2024-09-12,19.946019062755948,3.961685056297915
NVDA,2024-09-13,19.939321782184937,3.9603548401644337
NVDA,2024-09-16,19.550915275584618,3.8832094083804756
NVDA,2024-09-17,19.351689381200114,3.8436390938165816
NVDA,2024-09-18,18.980025437339496,3.7698190755099357
NVDA,2024-09-19,19.733399884605078,3.919454563179843
NVDA,2024-09-20,19.42033043951862,3.85727260404904
NVDA,2024-09-23,19.463859569791055,3.8659183746347088
NVDA,2024-09-24,20.23564994190735,4.01921163953071
NVDA,2024-09-25,20.6776308609488,4.106998039244167
NVDA,2024-09-26,20.766361206229025,4.1246216904515
NVDA,2024-09-27,20.324381564563236,4.036835544450828
NVDA,2024-09-30,20.33107756775859,4.0381655068715245
NVDA,2024-10-01,19.587747125286043,3.8905249628326626
NVDA,2024-10-02,19.897468568774823,3.9520419407531167
NVDA,2024-10-03,20.56713531184452,4.0850513758876055
NVDA,2024-10-04,20.913687327659073,4.153883654547462
NVDA,2024-10-07,21.382454814233252,4.246990411369275
NVDA,2024-10-08,22.247998172714123,4.418904926144525
NVDA,2024-10-09,22.207817044039363,4.4109241367692045
NVDA,2024-10-10,22.569436983106947,4.482749211444806
NVDA,2024-10-11,22.567763620995937,4.482416847696024
NVDA,2024-10-14,23.11521872543297,4.591152565806912
NVDA,2024-10-15,22.03203227034123,4.376009705528889
NVDA,2024-10-16,22.721787022996992,4.5130090279254675
NVDA,2024-10-17,22.924360918979175,4.553244323699711
NVDA,2024-10-18,23.10349752640196,4.58882449728873
NVDA,2024-10-21,24.05944714702538,4.778695534445665
NVDA,2024-10-22,24.039356582688,4.774705139758005
NVDA,2024-10-23,23.364667198533954,4.6406981059516
NVDA,2024-10-24,23.506971956255313,4.668962725088433
NVDA,2024-10-25,23.69615129109547,4.706537588595712
NVDA,2024-10-28,23.525386603730368,4.672620248601741
NVDA,2024-10-29,23.647600797114343,4.696894473050913
NVDA,2024-10-30,23.32783534883253,4.633382551499413
NVDA,2024-10-31,22.226234246265733,4.414582167708083
NVDA,2024-11-01,22.668213887931522,4.502368313708755
NVDA,2024-11-04,22.777036074924787,4.523982613316534
NVDA,2024-11-05,23.423262974683773,4.652336418840229
NVDA,2024-11-06,24.37753667844487,4.841874584822812
NVDA,2024-11-07,24.924991782881904,4.9506103029337
NVDA,2024-11-08,24.715719328953053,4.90904453731319
NVDA,2024-11-11,24.318940902295054,4.830236271934184
NVDA,2024-11-12,24.826212323306013,4.93099069324418
NVDA,2024-11-13,24.488032227549144,4.863821248179373
NVDA,2024-11-14,24.57006529225836,4.880114683253224
NVDA,2024-11-15,23.769814990498322,4.721168697500085
NVDA,2024-11-18,23.463441548607218,4.660316700789979
NVDA,2024-11-19,24.611919783044133,4.888427836377327
NVDA,2024-11-20,24.424413810314984,4.851185336618829
NVDA,2024-11-21,24.55499992375664,4.87712239466305
NVDA,2024-11-22,23.764792349413977,4.72017109882817
NVDA,2024-11-25,22.772013433840442,4.522985014644618
NVDA,2024-11-26,22.922687556868166,4.552911959950929
NVDA,2024-11-27,22.65816860576283,4.5003731163649245
NVDA,2024-11-29,23.14535201718773,4.597137650412832
NVDA,2024-12-02,23.20897043442189,4.609773561973375
NVDA,2024-12-03,23.481858750833588,4.663974731728858
NVDA,2024-12-04,24.298852892708986,4.8262463846720935
NVDA,2024-12-05,24.287131693677974,4.823918316153912
NVDA,2024-12-06,23.848470673969743,4.736791315969526
NVDA,2024-12-09,23.240705555250848,4.616076802412098
NVDA,2024-12-10,22.6145257890569,4.491704765341361
NVDA,2024-12-11,23.32441964632502,4.632704123511443
NVDA,2024-12-12,22.994585923112684,4.567192437785978
NVDA,2024-12-13,22.47723345341463,4.4644357151741625
NVDA,2024-12-16,22.100520043580865,4.389612770227109
NVDA,2024-12-17,21.830960568131985,4.3360727759901945
NVDA,2024-12-18,21.583167573882807,4.286856047615292
NVDA,2024-12-19,21.879513616864426,4.345716398960564
NVDA,2024-12-20,22.552575624431118,4.479400202678458
NVDA,2024-12-23,23.384693894088475,4.644675814999995
NVDA,2024-12-24,23.476779905220322,4.662965969694388
NVDA,2024-12-26,23.428224301736567,4.653321839298448
NVDA,2024-12-27,22.939334316433573,4.556218344969341
NVDA,2024-12-30,23.019701683285724,4.572180938571123
