cbsa,Region,State,region,year,population,units_total,units_1,units_5plus,n_structs,units_2_4,migration
10180,"Abilene, TX",TX,Texas & South Central,2021,177942,883,506,289,7,88,1166
10180,"Abilene, TX",TX,Texas & South Central,2022,179949,799,473,274,36,52,1954
10180,"Abilene, TX",TX,Texas & South Central,2023,182493,462,342,64,9,56,2215
10180,"Abilene, TX",TX,Texas & South Central,2024,183719,527,431,0,0,96,930
10180,"Abilene, TX",TX,Texas & South Central,2025,185429,1160,834,0,0,326,1413
10420,"Akron, OH",OH,Midwest,2021,696259,1215,881,217,28,117,-3706
10420,"Akron, OH",OH,Midwest,2022,697697,3047,796,1746,137,505,3989
10420,"Akron, OH",OH,Midwest,2023,698608,940,709,124,18,107,2567
10420,"Akron, OH",OH,Midwest,2024,700152,1282,761,412,37,109,3021
10420,"Akron, OH",OH,Midwest,2025,701780,751,638,78,14,35,2890
10500,"Albany, GA",GA,Southeast,2021,144962,224,224,0,0,0,-2936
10500,"Albany, GA",GA,Southeast,2022,145820,202,169,33,2,0,1119
10500,"Albany, GA",GA,Southeast,2023,145548,183,162,15,3,6,-130
10500,"Albany, GA",GA,Southeast,2024,145707,259,192,64,6,3,194
10500,"Albany, GA",GA,Southeast,2025,145510,192,154,36,2,2,-178
10540,"Albany, OR",OR,Pacific,2021,130110,620,385,223,22,12,1123
10540,"Albany, OR",OR,Pacific,2022,130555,327,220,78,4,29,838
10540,"Albany, OR",OR,Pacific,2023,131591,377,239,79,9,59,1161
10540,"Albany, OR",OR,Pacific,2024,132584,309,201,60,6,48,1076
10540,"Albany, OR",OR,Pacific,2025,132843,189,140,26,2,23,296
10580,"Albany-Schenectady-Troy, NY",NY,Northeast,2021,904711,2697,1385,1182,45,130,6522
10580,"Albany-Schenectady-Troy, NY",NY,Northeast,2022,903349,2635,1266,1257,78,112,252
10580,"Albany-Schenectady-Troy, NY",NY,Northeast,2023,906163,1907,976,836,56,95,3694
10580,"Albany-Schenectady-Troy, NY",NY,Northeast,2024,911532,2366,1201,1068,72,97,6179
10580,"Albany-Schenectady-Troy, NY",NY,Northeast,2025,915835,2047,1277,697,36,73,4984
10740,"Albuquerque, NM",NM,Mountain West,2021,919732,4021,2535,1410,52,76,2677
10740,"Albuquerque, NM",NM,Mountain West,2022,919656,2852,1903,942,9,7,2167
10740,"Albuquerque, NM",NM,Mountain West,2023,922544,2834,2057,777,12,0,3546
10740,"Albuquerque, NM",NM,Mountain West,2024,924628,2876,2064,762,28,50,2977
10740,"Albuquerque, NM",NM,Mountain West,2025,925279,2830,1812,984,31,34,1569
10780,"Alexandria, LA",LA,Texas & South Central,2021,150904,289,273,0,0,16,-593
10780,"Alexandria, LA",LA,Texas & South Central,2022,149065,353,313,0,0,40,-1429
10780,"Alexandria, LA",LA,Texas & South Central,2023,148419,241,223,0,0,18,-570
10780,"Alexandria, LA",LA,Texas & South Central,2024,148043,241,219,0,0,22,-243
10780,"Alexandria, LA",LA,Texas & South Central,2025,147952,273,247,0,0,26,96
10900,"Allentown-Bethlehem-Easton, PA-NJ",PA,Northeast,2021,870224,2606,1716,858,29,32,9607
10900,"Allentown-Bethlehem-Easton, PA-NJ",PA,Northeast,2022,871372,2232,1576,608,17,48,3129
10900,"Allentown-Bethlehem-Easton, PA-NJ",PA,Northeast,2023,878155,1735,1329,378,21,28,7755
10900,"Allentown-Bethlehem-Easton, PA-NJ",PA,Northeast,2024,884157,2485,1368,1050,54,67,6603
10900,"Allentown-Bethlehem-Easton, PA-NJ",PA,Northeast,2025,887615,1974,1202,711,33,61,3973
11020,"Altoona, PA",PA,Northeast,2021,122147,94,94,0,0,0,171
11020,"Altoona, PA",PA,Northeast,2022,120774,123,71,52,6,0,-631
11020,"Altoona, PA",PA,Northeast,2023,120360,110,62,12,1,36,167
11020,"Altoona, PA",PA,Northeast,2024,120051,87,69,6,1,12,206
11020,"Altoona, PA",PA,Northeast,2025,119541,86,66,0,0,20,-25
11100,"Amarillo, TX",TX,Texas & South Central,2021,269890,736,682,16,2,38,995
11100,"Amarillo, TX",TX,Texas & South Central,2022,270637,982,818,110,7,54,479
11100,"Amarillo, TX",TX,Texas & South Central,2023,272769,672,567,55,11,50,1549
11100,"Amarillo, TX",TX,Texas & South Central,2024,274270,1297,639,650,30,8,840
11100,"Amarillo, TX",TX,Texas & South Central,2025,276235,994,652,312,13,30,1271
11180,"Ames, IA",IA,Midwest,2021,126451,394,279,110,4,5,895
11180,"Ames, IA",IA,Midwest,2022,126431,328,236,32,3,60,-48
11180,"Ames, IA",IA,Midwest,2023,127602,262,167,8,1,87,1070
11180,"Ames, IA",IA,Midwest,2024,128145,273,205,50,7,18,411
11180,"Ames, IA",IA,Midwest,2025,128090,392,199,157,22,36,-152
11200,"Amherst Town-Northampton, MA",MA,Northeast,2024,164679,318,150,162,25,6,-24
11200,"Amherst Town-Northampton, MA",MA,Northeast,2025,164065,291,93,136,24,62,-124
11260,"Anchorage, AK",AK,Pacific,2021,399915,1183,877,244,22,62,-359
11260,"Anchorage, AK",AK,Pacific,2022,400401,213,166,29,3,18,-987
11260,"Anchorage, AK",AK,Pacific,2023,401959,457,338,89,3,30,-349
11260,"Anchorage, AK",AK,Pacific,2024,404623,426,198,119,13,109,868
11260,"Anchorage, AK",AK,Pacific,2025,405821,297,226,36,5,35,-659
11460,"Ann Arbor, MI",MI,Midwest,2021,364941,916,795,15,2,106,-6897
11460,"Ann Arbor, MI",MI,Midwest,2022,367307,656,603,33,5,20,1952
11460,"Ann Arbor, MI",MI,Midwest,2023,367845,1597,485,1080,67,32,-53
11460,"Ann Arbor, MI",MI,Midwest,2024,368956,1193,557,560,21,76,525
11460,"Ann Arbor, MI",MI,Midwest,2025,370214,1088,532,534,10,22,704
11500,"Anniston-Oxford, AL",AL,Southeast,2021,115640,68,68,0,0,0,-111
11500,"Anniston-Oxford, AL",AL,Southeast,2022,115738,78,76,0,0,2,706
11500,"Anniston-Oxford, AL",AL,Southeast,2023,116341,64,62,0,0,2,972
11500,"Anniston-Oxford, AL",AL,Southeast,2024,116303,138,126,0,0,12,416
11500,"Anniston-Oxford, AL",AL,Southeast,2025,115834,144,130,0,0,14,-32
11540,"Appleton, WI",WI,Midwest,2021,243962,1429,574,755,69,100,6
11540,"Appleton, WI",WI,Midwest,2022,245305,767,480,183,9,104,1097
11540,"Appleton, WI",WI,Midwest,2023,247042,753,461,228,12,64,1332
11540,"Appleton, WI",WI,Midwest,2024,248549,659,585,30,5,44,1135
11540,"Appleton, WI",WI,Midwest,2025,249876,1264,626,584,40,54,942
11700,"Asheville, NC",NC,Southeast,2021,410956,4238,2976,1252,49,10,4844
11700,"Asheville, NC",NC,Southeast,2022,414264,3531,2813,716,35,2,4792
11700,"Asheville, NC",NC,Southeast,2023,418150,3926,2636,1260,51,30,5087
11700,"Asheville, NC",NC,Southeast,2024,422979,5378,2518,2846,95,14,5926
11700,"Asheville, NC",NC,Southeast,2025,422345,3238,1795,1425,38,18,437
12020,"Athens-Clarke County, GA",GA,Southeast,2021,218340,1848,856,922,48,70,2196
12020,"Athens-Clarke County, GA",GA,Southeast,2022,220641,2345,771,1542,58,32,2099
12020,"Athens-Clarke County, GA",GA,Southeast,2023,222651,1026,776,183,12,67,1624
12020,"Athens-Clarke County, GA",GA,Southeast,2024,224159,1835,863,888,24,84,1081
12020,"Athens-Clarke County, GA",GA,Southeast,2025,224148,1278,756,522,18,0,-424
12060,"Atlanta-Sandy Springs-Roswell, GA",GA,Southeast,2021,6160335,39466,31560,7677,317,229,21532
12060,"Atlanta-Sandy Springs-Roswell, GA",GA,Southeast,2022,6250876,48501,26629,21288,563,584,71640
12060,"Atlanta-Sandy Springs-Roswell, GA",GA,Southeast,2023,6333350,38639,24022,14227,460,390,57003
12060,"Atlanta-Sandy Springs-Roswell, GA",GA,Southeast,2024,6420229,40687,25773,13955,895,959,61487
12060,"Atlanta-Sandy Springs-Roswell, GA",GA,Southeast,2025,6482182,33670,22065,11052,585,553,36418
12100,"Atlantic City-Hammonton, NJ",NJ,Northeast,2021,370576,804,556,240,16,8,2602
12100,"Atlantic City-Hammonton, NJ",NJ,Northeast,2022,371037,762,401,339,28,22,1937
12100,"Atlantic City-Hammonton, NJ",NJ,Northeast,2023,371220,383,299,40,6,44,1143
12100,"Atlantic City-Hammonton, NJ",NJ,Northeast,2024,372561,1542,1043,283,22,216,2134
12100,"Atlantic City-Hammonton, NJ",NJ,Northeast,2025,372047,1613,1347,81,16,185,209
12220,"Auburn-Opelika, AL",AL,Southeast,2021,196476,1851,1487,294,19,70,1895
12220,"Auburn-Opelika, AL",AL,Southeast,2022,199504,2192,1127,1030,21,35,2668
12220,"Auburn-Opelika, AL",AL,Southeast,2023,202368,1403,1359,5,1,39,2292
12220,"Auburn-Opelika, AL",AL,Southeast,2024,206057,1883,1722,113,1,48,3099
12220,"Auburn-Opelika, AL",AL,Southeast,2025,208013,1581,1557,0,0,24,1423
12260,"Augusta-Richmond County, GA-SC",GA,Southeast,2021,616227,4280,4144,27,4,109,4411
12260,"Augusta-Richmond County, GA-SC",GA,Southeast,2022,624073,4190,3429,666,31,95,7889
12260,"Augusta-Richmond County, GA-SC",GA,Southeast,2023,629988,3559,3380,132,9,47,5353
12260,"Augusta-Richmond County, GA-SC",GA,Southeast,2024,635550,4658,3593,1023,28,42,4868
12260,"Augusta-Richmond County, GA-SC",GA,Southeast,2025,641231,4141,3688,402,13,51,4514
12420,"Austin-Round Rock-San Marcos, TX",TX,Texas & South Central,2021,2359313,50907,24486,25642,539,779,47825
12420,"Austin-Round Rock-San Marcos, TX",TX,Texas & South Central,2022,2434592,42362,19715,22179,464,468,58027
12420,"Austin-Round Rock-San Marcos, TX",TX,Texas & South Central,2023,2498809,38773,16532,21753,445,488,47322
12420,"Austin-Round Rock-San Marcos, TX",TX,Texas & South Central,2024,2567149,32294,16435,15126,357,733,51343
12420,"Austin-Round Rock-San Marcos, TX",TX,Texas & South Central,2025,2620945,27322,14810,11749,210,763,37317
12540,"Bakersfield-Delano, CA",CA,Pacific,2021,912765,2293,2152,91,11,50,2199
12540,"Bakersfield-Delano, CA",CA,Pacific,2022,917074,2688,2471,184,17,33,587
12540,"Bakersfield-Delano, CA",CA,Pacific,2023,917599,2451,2246,136,17,69,-4308
12540,"Bakersfield-Delano, CA",CA,Pacific,2024,924648,3244,2812,73,13,359,2436
12540,"Bakersfield-Delano, CA",CA,Pacific,2025,927068,3159,2793,125,15,241,-2000
12580,"Baltimore-Columbia-Towson, MD",MD,Southeast,2021,2845979,7834,4783,3045,53,6,-4409
12580,"Baltimore-Columbia-Towson, MD",MD,Southeast,2022,2843177,6588,2832,3740,58,16,-5280
12580,"Baltimore-Columbia-Towson, MD",MD,Southeast,2023,2843966,7539,3798,3735,80,6,-3292
12580,"Baltimore-Columbia-Towson, MD",MD,Southeast,2024,2853522,6284,3849,2425,32,10,6529
12580,"Baltimore-Columbia-Towson, MD",MD,Southeast,2025,2857781,5799,3606,2169,46,24,724
12620,"Bangor, ME",ME,Northeast,2021,153367,368,316,0,0,52,1794
12620,"Bangor, ME",ME,Northeast,2022,154948,415,334,0,0,81,2342
12620,"Bangor, ME",ME,Northeast,2023,156839,404,335,43,6,26,2563
12620,"Bangor, ME",ME,Northeast,2024,157283,450,367,36,6,47,1170
12620,"Bangor, ME",ME,Northeast,2025,157967,486,316,91,6,79,1406
12700,"Barnstable Town, MA",MA,Northeast,2021,232449,672,646,8,1,18,6517
12700,"Barnstable Town, MA",MA,Northeast,2022,232970,887,564,272,3,51,2395
12700,"Barnstable Town, MA",MA,Northeast,2023,233592,547,418,104,4,25,2437
12700,"Barnstable Town, MA",MA,Northeast,2024,233951,640,430,178,15,32,2062
12700,"Barnstable Town, MA",MA,Northeast,2025,233539,630,333,252,17,45,1175
12940,"Baton Rouge, LA",LA,Texas & South Central,2021,872899,4460,4458,0,0,2,1051
12940,"Baton Rouge, LA",LA,Texas & South Central,2022,874642,3770,3478,267,12,25,821
12940,"Baton Rouge, LA",LA,Texas & South Central,2023,878512,3281,3013,264,11,4,1612
12940,"Baton Rouge, LA",LA,Texas & South Central,2024,884447,3806,3250,459,58,97,4272
12940,"Baton Rouge, LA",LA,Texas & South Central,2025,888699,4314,2775,1517,17,22,2879
12980,"Battle Creek, MI",MI,Midwest,2021,133907,108,108,0,0,0,53
12980,"Battle Creek, MI",MI,Midwest,2022,133439,95,93,0,0,2,-34
12980,"Battle Creek, MI",MI,Midwest,2023,133331,131,131,0,0,0,268
12980,"Battle Creek, MI",MI,Midwest,2024,133611,91,85,0,0,6,612
12980,"Battle Creek, MI",MI,Midwest,2025,133408,120,120,0,0,0,126
13020,"Bay City, MI",MI,Midwest,2021,103115,74,74,0,0,0,26
13020,"Bay City, MI",MI,Midwest,2022,102736,67,67,0,0,0,255
13020,"Bay City, MI",MI,Midwest,2023,102693,38,38,0,0,0,420
13020,"Bay City, MI",MI,Midwest,2024,102432,35,35,0,0,0,220
13020,"Bay City, MI",MI,Midwest,2025,102123,67,38,25,1,4,152
13140,"Beaumont-Port Arthur, TX",TX,Texas & South Central,2021,395642,1585,1401,116,10,68,-1586
13140,"Beaumont-Port Arthur, TX",TX,Texas & South Central,2022,395246,1368,1338,6,1,24,-292
13140,"Beaumont-Port Arthur, TX",TX,Texas & South Central,2023,397475,1181,1007,146,17,28,1687
13140,"Beaumont-Port Arthur, TX",TX,Texas & South Central,2024,399102,915,820,50,9,45,1010
13140,"Beaumont-Port Arthur, TX",TX,Texas & South Central,2025,399310,960,879,67,13,14,-443
13220,"Beckley, WV",WV,Southeast,2021,113881,103,101,0,0,2,-75
13220,"Beckley, WV",WV,Southeast,2022,112266,104,104,0,0,0,-413
13220,"Beckley, WV",WV,Southeast,2023,111564,91,91,0,0,0,198
13220,"Beckley, WV",WV,Southeast,2024,110739,69,69,0,0,0,-33
13220,"Beckley, WV",WV,Southeast,2025,109940,77,77,0,0,0,-26
13380,"Bellingham, WA",WA,Pacific,2021,226760,1871,888,921,25,62,-775
13380,"Bellingham, WA",WA,Pacific,2022,230641,1614,810,716,25,88,3744
13380,"Bellingham, WA",WA,Pacific,2023,232620,894,571,292,7,31,2058
13380,"Bellingham, WA",WA,Pacific,2024,234601,1190,773,327,12,90,2049
13380,"Bellingham, WA",WA,Pacific,2025,236392,1214,607,496,13,111,1858
13460,"Bend, OR",OR,Pacific,2021,256146,2737,1734,859,43,144,7581
13460,"Bend, OR",OR,Pacific,2022,258131,2113,1178,776,36,159,1968
13460,"Bend, OR",OR,Pacific,2023,261120,2397,1192,1068,36,137,2990
13460,"Bend, OR",OR,Pacific,2024,264207,1867,1385,391,30,91,3120
13460,"Bend, OR",OR,Pacific,2025,266376,3122,1414,1511,58,197,2188
13740,"Billings, MT",MT,Mountain West,2021,187367,979,597,296,7,86,2828
13740,"Billings, MT",MT,Mountain West,2022,190166,1202,881,249,12,72,2858
13740,"Billings, MT",MT,Mountain West,2023,191226,349,343,0,0,6,1028
13740,"Billings, MT",MT,Mountain West,2024,192481,1525,896,353,10,276,1199
13740,"Billings, MT",MT,Mountain West,2025,193603,1029,709,116,2,204,987
13780,"Binghamton, NY",NY,Northeast,2021,246645,499,140,355,3,4,895
13780,"Binghamton, NY",NY,Northeast,2022,244895,445,145,300,35,0,-797
13780,"Binghamton, NY",NY,Northeast,2023,243540,338,120,214,31,4,-441
13780,"Binghamton, NY",NY,Northeast,2024,243438,483,149,334,38,0,564
13780,"Binghamton, NY",NY,Northeast,2025,243189,468,159,302,40,7,397
13820,"Birmingham, AL",AL,Southeast,2021,1181352,3984,3433,544,6,7,1424
13820,"Birmingham, AL",AL,Southeast,2022,1181493,4147,3045,992,29,110,1754
13820,"Birmingham, AL",AL,Southeast,2023,1186458,3392,3042,324,20,26,4839
13820,"Birmingham, AL",AL,Southeast,2024,1194316,3746,3165,556,17,25,7649
13820,"Birmingham, AL",AL,Southeast,2025,1197766,4219,3116,1076,34,27,3089
13900,"Bismarck, ND",ND,Midwest,2021,134833,792,416,144,5,232,751
13900,"Bismarck, ND",ND,Midwest,2022,135902,610,378,72,2,160,744
13900,"Bismarck, ND",ND,Midwest,2023,137062,298,199,5,1,94,783
13900,"Bismarck, ND",ND,Midwest,2024,138592,352,282,5,1,65,1188
13900,"Bismarck, ND",ND,Midwest,2025,139750,411,369,6,1,36,836
13980,"Blacksburg-Christiansburg-Radford, VA",VA,Southeast,2021,181172,386,358,24,2,4,33
13980,"Blacksburg-Christiansburg-Radford, VA",VA,Southeast,2022,181156,500,377,107,4,16,696
13980,"Blacksburg-Christiansburg-Radford, VA",VA,Southeast,2023,181422,489,481,0,0,8,714
13980,"Blacksburg-Christiansburg-Radford, VA",VA,Southeast,2024,181497,481,481,0,0,0,433
13980,"Blacksburg-Christiansburg-Radford, VA",VA,Southeast,2025,181616,492,416,72,6,4,532
14010,"Bloomington, IL",IL,Midwest,2021,171313,283,201,62,5,20,-244
14010,"Bloomington, IL",IL,Midwest,2022,171054,437,305,118,3,14,-446
14010,"Bloomington, IL",IL,Midwest,2023,170931,215,159,0,0,56,-347
14010,"Bloomington, IL",IL,Midwest,2024,171512,243,166,63,5,14,263
14010,"Bloomington, IL",IL,Midwest,2025,171419,269,205,62,3,2,-413
14020,"Bloomington, IN",IN,Midwest,2021,166066,2086,254,1810,37,22,4550
14020,"Bloomington, IN",IN,Midwest,2022,165837,563,351,206,10,6,132
14020,"Bloomington, IN",IN,Midwest,2023,165135,576,333,239,5,4,-447
14020,"Bloomington, IN",IN,Midwest,2024,164490,988,301,663,22,24,-415
14020,"Bloomington, IN",IN,Midwest,2025,165231,1261,312,878,13,71,997
14260,"Boise City, ID",ID,Mountain West,2021,797111,12196,8342,3201,179,653,26112
14260,"Boise City, ID",ID,Mountain West,2022,813450,10475,5925,4074,198,476,14374
14260,"Boise City, ID",ID,Mountain West,2023,827672,9891,6508,3115,91,268,11578
14260,"Boise City, ID",ID,Mountain West,2024,845389,9063,8252,610,20,201,14745
14260,"Boise City, ID",ID,Mountain West,2025,864243,9438,7970,1218,62,250,15713
14460,"Boston-Cambridge-Newton, MA-NH",MA,Northeast,2021,4907671,16602,4820,10913,599,869,-22435
14460,"Boston-Cambridge-Newton, MA-NH",MA,Northeast,2022,4933469,13595,4025,8723,295,847,18610
14460,"Boston-Cambridge-Newton, MA-NH",MA,Northeast,2023,4970657,10822,3396,6709,226,717,28343
14460,"Boston-Cambridge-Newton, MA-NH",MA,Northeast,2024,5022230,11235,3734,6847,291,654,42771
14460,"Boston-Cambridge-Newton, MA-NH",MA,Northeast,2025,5034221,10072,3971,5695,278,406,1781
14500,"Boulder, CO",CO,Mountain West,2021,327325,1237,343,772,29,122,-3913
14500,"Boulder, CO",CO,Mountain West,2022,327914,1642,661,879,52,102,601
14500,"Boulder, CO",CO,Mountain West,2023,327945,1642,791,787,49,64,-187
14500,"Boulder, CO",CO,Mountain West,2024,329485,1680,441,1136,35,103,1362
14500,"Boulder, CO",CO,Mountain West,2025,328560,2001,428,1534,39,39,-1184
14540,"Bowling Green, KY",KY,Southeast,2021,182561,2137,1071,1050,95,16,2085
14540,"Bowling Green, KY",KY,Southeast,2022,186363,1636,835,758,86,43,3428
14540,"Bowling Green, KY",KY,Southeast,2023,189968,1455,822,594,62,39,3061
14540,"Bowling Green, KY",KY,Southeast,2024,193803,2305,810,1410,156,85,3328
14540,"Bowling Green, KY",KY,Southeast,2025,197180,1470,708,708,51,54,2822
14580,"Bozeman, MT",MT,Mountain West,2024,127498,1706,1006,533,35,167,1029
14580,"Bozeman, MT",MT,Mountain West,2025,128740,1544,843,567,26,134,799
14740,"Bremerton-Silverdale-Port Orchard, WA",WA,Pacific,2021,276682,2285,1112,1125,56,48,454
14740,"Bremerton-Silverdale-Port Orchard, WA",WA,Pacific,2022,277805,1701,1041,602,20,58,1116
14740,"Bremerton-Silverdale-Port Orchard, WA",WA,Pacific,2023,277358,2258,1006,1246,58,6,-721
14740,"Bremerton-Silverdale-Port Orchard, WA",WA,Pacific,2024,280728,1294,976,302,11,16,3085
14740,"Bremerton-Silverdale-Port Orchard, WA",WA,Pacific,2025,283374,1780,631,1128,45,21,2355
14860,"Bridgeport-Stamford-Danbury, CT",CT,Northeast,2021,950952,1292,714,501,32,77,5372
14860,"Bridgeport-Stamford-Danbury, CT",CT,Northeast,2022,955142,1831,640,1145,24,46,1520
14860,"Bridgeport-Stamford-Danbury, CT",CT,Northeast,2023,962351,1527,441,1022,25,64,4594
14860,"Bridgeport-Stamford-Danbury, CT",CT,Northeast,2024,974112,1912,501,1336,38,75,9096
14860,"Bridgeport-Stamford-Danbury, CT",CT,Northeast,2025,978179,3478,524,2866,53,88,1403
15180,"Brownsville-Harlingen, TX",TX,Texas & South Central,2021,422635,2052,1573,297,24,182,-264
15180,"Brownsville-Harlingen, TX",TX,Texas & South Central,2022,425841,2506,1937,442,22,127,1090
15180,"Brownsville-Harlingen, TX",TX,Texas & South Central,2023,428906,1952,1604,99,16,249,339
15180,"Brownsville-Harlingen, TX",TX,Texas & South Central,2024,432952,2347,1668,511,28,168,1484
15180,"Brownsville-Harlingen, TX",TX,Texas & South Central,2025,433946,2702,1838,687,34,177,-1633
15260,"Brunswick-St. Simons, GA",GA,Southeast,2021,114015,723,691,20,4,12,901
15260,"Brunswick-St. Simons, GA",GA,Southeast,2022,114635,1568,880,537,19,151,1162
15260,"Brunswick-St. Simons, GA",GA,Southeast,2023,116338,786,562,92,3,132,1923
15260,"Brunswick-St. Simons, GA",GA,Southeast,2024,117563,922,654,136,12,132,1486
15260,"Brunswick-St. Simons, GA",GA,Southeast,2025,118524,631,599,0,0,32,1223
15380,"Buffalo-Cheektowaga, NY",NY,Northeast,2021,1164503,1553,980,474,40,99,1228
15380,"Buffalo-Cheektowaga, NY",NY,Northeast,2022,1159679,1591,1213,297,25,81,-1620
15380,"Buffalo-Cheektowaga, NY",NY,Northeast,2023,1156869,1261,755,404,36,102,-526
15380,"Buffalo-Cheektowaga, NY",NY,Northeast,2024,1157163,1375,749,578,47,48,2309
15380,"Buffalo-Cheektowaga, NY",NY,Northeast,2025,1155653,1484,902,500,34,82,280
15500,"Burlington, NC",NC,Southeast,2021,173666,2294,1557,712,30,25,2193
15500,"Burlington, NC",NC,Southeast,2022,176470,1949,1793,146,11,10,2830
15500,"Burlington, NC",NC,Southeast,2023,179369,2730,1641,1083,29,6,2985
15500,"Burlington, NC",NC,Southeast,2024,183361,2466,1999,403,17,64,3945
15500,"Burlington, NC",NC,Southeast,2025,186177,2027,1674,319,22,34,2754
15540,"Burlington-South Burlington, VT",VT,Northeast,2021,227219,1049,458,523,16,68,1138
15540,"Burlington-South Burlington, VT",VT,Northeast,2022,227935,1124,422,603,29,99,727
15540,"Burlington-South Burlington, VT",VT,Northeast,2023,227896,1196,430,669,21,97,74
15540,"Burlington-South Burlington, VT",VT,Northeast,2024,228314,1102,448,574,23,80,443
15540,"Burlington-South Burlington, VT",VT,Northeast,2025,227803,1258,456,732,18,70,-508
15940,"Canton-Massillon, OH",OH,Midwest,2021,400315,953,538,308,50,107,279
15940,"Canton-Massillon, OH",OH,Midwest,2022,399242,810,469,213,32,128,847
15940,"Canton-Massillon, OH",OH,Midwest,2023,399266,512,364,77,13,71,1019
15940,"Canton-Massillon, OH",OH,Midwest,2024,399807,528,371,84,15,73,1332
15940,"Canton-Massillon, OH",OH,Midwest,2025,400246,643,472,102,16,69,1167
15980,"Cape Coral-Fort Myers, FL",FL,Southeast,2021,791169,13394,11020,1735,68,639,29447
15980,"Cape Coral-Fort Myers, FL",FL,Southeast,2022,828059,13621,9145,4107,166,369,37069
15980,"Cape Coral-Fort Myers, FL",FL,Southeast,2023,846125,13556,8654,4583,153,319,18975
15980,"Cape Coral-Fort Myers, FL",FL,Southeast,2024,861667,15411,10554,4686,96,171,16217
15980,"Cape Coral-Fort Myers, FL",FL,Southeast,2025,875607,13547,9962,3385,91,200,14515
16020,"Cape Girardeau, MO-IL",MO,Midwest,2021,97743,177,167,0,0,10,436
16020,"Cape Girardeau, MO-IL",MO,Midwest,2022,98242,94,92,0,0,2,687
16020,"Cape Girardeau, MO-IL",MO,Midwest,2023,98220,79,79,0,0,0,32
16020,"Cape Girardeau, MO-IL",MO,Midwest,2024,98638,83,77,0,0,6,478
16020,"Cape Girardeau, MO-IL",MO,Midwest,2025,99215,99,99,0,0,0,645
16180,"Carson City, NV",NV,Mountain West,2021,58835,307,203,89,13,15,649
16180,"Carson City, NV",NV,Mountain West,2022,58223,272,167,93,15,12,-171
16180,"Carson City, NV",NV,Mountain West,2023,58367,242,153,80,13,9,466
16180,"Carson City, NV",NV,Mountain West,2024,58300,264,183,81,5,0,250
16180,"Carson City, NV",NV,Mountain West,2025,58571,573,322,243,7,8,583
16220,"Casper, WY",WY,Mountain West,2021,79665,275,140,119,10,16,-578
16220,"Casper, WY",WY,Mountain West,2022,79585,208,134,60,2,14,77
16220,"Casper, WY",WY,Mountain West,2023,79976,218,206,0,0,12,369
16220,"Casper, WY",WY,Mountain West,2024,80271,310,206,104,1,0,352
16220,"Casper, WY",WY,Mountain West,2025,80526,199,197,0,0,2,275
16300,"Cedar Rapids, IA",IA,Midwest,2021,276062,898,546,250,12,102,-903
16300,"Cedar Rapids, IA",IA,Midwest,2022,275595,947,453,405,15,89,-705
16300,"Cedar Rapids, IA",IA,Midwest,2023,275481,768,467,201,11,100,-276
16300,"Cedar Rapids, IA",IA,Midwest,2024,277405,1087,494,456,8,137,1537
16300,"Cedar Rapids, IA",IA,Midwest,2025,279285,987,464,400,10,123,1404
16540,"Chambersburg, PA",PA,Northeast,2021,156597,382,337,25,5,20,956
16540,"Chambersburg, PA",PA,Northeast,2022,157038,410,312,56,10,42,875
16540,"Chambersburg, PA",PA,Northeast,2023,158181,737,643,70,6,24,1256
16540,"Chambersburg, PA",PA,Northeast,2024,159476,623,478,112,10,33,1268
16540,"Chambersburg, PA",PA,Northeast,2025,160652,1033,576,375,23,82,1111
16580,"Champaign-Urbana, IL",IL,Midwest,2021,237180,616,271,345,21,0,245
16580,"Champaign-Urbana, IL",IL,Midwest,2022,238005,920,313,575,10,32,547
16580,"Champaign-Urbana, IL",IL,Midwest,2023,238586,609,245,347,9,17,172
16580,"Champaign-Urbana, IL",IL,Midwest,2024,239146,611,242,359,9,10,183
16580,"Champaign-Urbana, IL",IL,Midwest,2025,239979,913,312,585,16,16,514
16620,"Charleston, WV",WV,Southeast,2021,207403,260,218,40,1,2,-1061
16620,"Charleston, WV",WV,Southeast,2022,204608,160,154,0,0,6,-957
16620,"Charleston, WV",WV,Southeast,2023,202801,185,185,0,0,0,-411
16620,"Charleston, WV",WV,Southeast,2024,201564,106,106,0,0,0,46
16620,"Charleston, WV",WV,Southeast,2025,200170,114,110,0,0,4,-133
16700,"Charleston-North Charleston, SC",SC,Southeast,2021,815088,8282,5913,2342,95,27,9609
16700,"Charleston-North Charleston, SC",SC,Southeast,2022,832106,9491,6329,3128,129,34,14131
16700,"Charleston-North Charleston, SC",SC,Southeast,2023,853040,8573,6184,2073,211,316,17899
16700,"Charleston-North Charleston, SC",SC,Southeast,2024,874088,8514,6817,1437,140,260,18196
16700,"Charleston-North Charleston, SC",SC,Southeast,2025,889263,7287,5799,1337,101,151,12493
16740,"Charlotte-Concord-Gastonia, NC-SC",NC,Southeast,2021,2706093,30126,20830,9186,269,110,31349
16740,"Charlotte-Concord-Gastonia, NC-SC",NC,Southeast,2022,2758749,27212,19029,7994,202,189,45434
16740,"Charlotte-Concord-Gastonia, NC-SC",NC,Southeast,2023,2818271,29419,19146,10127,233,146,49991
16740,"Charlotte-Concord-Gastonia, NC-SC",NC,Southeast,2024,2884708,25935,18954,6827,200,154,55969
16740,"Charlotte-Concord-Gastonia, NC-SC",NC,Southeast,2025,2938830,22233,16242,5820,161,171,42643
16820,"Charlottesville, VA",VA,Southeast,2021,223352,1427,999,410,42,18,1488
16820,"Charlottesville, VA",VA,Southeast,2022,223809,1500,1017,459,34,24,436
16820,"Charlottesville, VA",VA,Southeast,2023,224996,1309,899,391,27,19,1011
16820,"Charlottesville, VA",VA,Southeast,2024,227229,1267,985,252,24,30,1999
16820,"Charlottesville, VA",VA,Southeast,2025,228597,2135,1068,1043,28,24,1256
16860,"Chattanooga, TN-GA",TN,Southeast,2021,568306,3673,2443,1026,45,204,4267
16860,"Chattanooga, TN-GA",TN,Southeast,2022,575681,3081,2121,714,40,246,8085
16860,"Chattanooga, TN-GA",TN,Southeast,2023,582536,3016,2243,527,28,246,7038
16860,"Chattanooga, TN-GA",TN,Southeast,2024,589864,3594,2607,685,61,302,7593
16860,"Chattanooga, TN-GA",TN,Southeast,2025,594530,2958,2547,159,21,252,4998
16940,"Cheyenne, WY",WY,Mountain West,2021,100826,737,500,127,9,110,-23
16940,"Cheyenne, WY",WY,Mountain West,2022,100806,1163,375,644,13,144,142
16940,"Cheyenne, WY",WY,Mountain West,2023,100995,287,165,8,1,114,126
16940,"Cheyenne, WY",WY,Mountain West,2024,101687,497,332,104,14,61,586
16940,"Cheyenne, WY",WY,Mountain West,2025,102938,556,325,188,7,43,1120
16980,"Chicago-Naperville-Elgin, IL-IN",IL,Midwest,2021,9365495,18511,10071,7445,259,995,-83486
16980,"Chicago-Naperville-Elgin, IL-IN",IL,Midwest,2022,9303151,17635,8562,8128,250,945,-76737
16980,"Chicago-Naperville-Elgin, IL-IN",IL,Midwest,2023,9335921,15028,8452,5566,285,1010,16724
16980,"Chicago-Naperville-Elgin, IL-IN",IL,Midwest,2024,9411198,18064,9509,7819,339,736,56970
16980,"Chicago-Naperville-Elgin, IL-IN",IL,Midwest,2025,9434123,15778,9497,5324,238,957,4255
17020,"Chico, CA",CA,Pacific,2021,206353,2050,1193,746,33,111,-3201
17020,"Chico, CA",CA,Pacific,2022,207312,1853,989,766,40,98,1486
17020,"Chico, CA",CA,Pacific,2023,207286,929,691,202,12,36,424
17020,"Chico, CA",CA,Pacific,2024,208586,946,657,254,24,35,1491
17020,"Chico, CA",CA,Pacific,2025,209211,997,662,301,12,34,833
17140,"Cincinnati, OH-KY-IN",OH,Midwest,2021,2251965,8429,5358,2891,127,180,-2165
17140,"Cincinnati, OH-KY-IN",OH,Midwest,2022,2261603,6166,4062,1620,87,484,9267
17140,"Cincinnati, OH-KY-IN",OH,Midwest,2023,2281096,6241,3714,2040,107,487,15754
17140,"Cincinnati, OH-KY-IN",OH,Midwest,2024,2299751,7089,4025,2561,128,503,14694
17140,"Cincinnati, OH-KY-IN",OH,Midwest,2025,2312858,7264,4311,2491,107,462,8736
17300,"Clarksville, TN-KY",TN,Southeast,2021,328992,4112,2217,1730,169,165,5201
17300,"Clarksville, TN-KY",TN,Southeast,2022,335725,4093,1501,2139,228,453,4081
17300,"Clarksville, TN-KY",TN,Southeast,2023,340083,2939,1385,1328,94,226,1670
17300,"Clarksville, TN-KY",TN,Southeast,2024,346603,2798,1975,683,77,140,4070
17300,"Clarksville, TN-KY",TN,Southeast,2025,349001,2916,1754,1018,93,144,34
17410,"Cleveland, OH",OH,Midwest,2024,2163236,4289,2980,1076,66,233,4652
17410,"Cleveland, OH",OH,Midwest,2025,2165775,4174,2866,1214,30,94,4904
17420,"Cleveland, TN",TN,Southeast,2021,127487,790,765,0,0,25,1631
17420,"Cleveland, TN",TN,Southeast,2022,128566,924,775,14,2,135,1572
17420,"Cleveland, TN",TN,Southeast,2023,130260,821,775,18,2,28,1925
17420,"Cleveland, TN",TN,Southeast,2024,132522,979,925,0,0,54,2452
17420,"Cleveland, TN",TN,Southeast,2025,134057,938,844,30,4,64,1733
17660,"Coeur d'Alene, ID",ID,Mountain West,2021,180104,2426,1629,710,41,87,7709
17660,"Coeur d'Alene, ID",ID,Mountain West,2022,183512,2039,1206,765,41,68,3334
17660,"Coeur d'Alene, ID",ID,Mountain West,2023,185218,2043,1406,551,38,86,1573
17660,"Coeur d'Alene, ID",ID,Mountain West,2024,188398,1587,1371,154,17,62,2823
17660,"Coeur d'Alene, ID",ID,Mountain West,2025,191864,1705,1217,411,25,77,3022
17780,"College Station-Bryan, TX",TX,Texas & South Central,2021,272696,2300,1765,514,20,21,2485
17780,"College Station-Bryan, TX",TX,Texas & South Central,2022,278116,1775,1545,166,15,64,4194
17780,"College Station-Bryan, TX",TX,Texas & South Central,2023,283278,1462,1155,277,12,30,3708
17780,"College Station-Bryan, TX",TX,Texas & South Central,2024,286095,2321,1482,768,26,71,1368
17780,"College Station-Bryan, TX",TX,Texas & South Central,2025,287476,2391,1748,455,9,188,-28
17820,"Colorado Springs, CO",CO,Mountain West,2021,763359,9335,5074,3925,105,336,1270
17820,"Colorado Springs, CO",CO,Mountain West,2022,766673,8844,3646,4942,128,256,1135
17820,"Colorado Springs, CO",CO,Mountain West,2023,770497,5277,2670,2359,69,248,996
17820,"Colorado Springs, CO",CO,Mountain West,2024,777099,3994,2878,872,22,244,3664
17820,"Colorado Springs, CO",CO,Mountain West,2025,781796,5825,2839,2804,65,182,1257
17860,"Columbia, MO",MO,Midwest,2021,212937,1029,838,189,8,2,1462
17860,"Columbia, MO",MO,Midwest,2022,214401,779,628,135,8,16,1298
17860,"Columbia, MO",MO,Midwest,2023,216584,681,609,68,4,4,1585
17860,"Columbia, MO",MO,Midwest,2024,218164,1331,763,554,20,14,1052
17860,"Columbia, MO",MO,Midwest,2025,219062,825,643,146,10,36,380
17900,"Columbia, SC",SC,Southeast,2021,838314,6881,5853,1004,28,24,7650
17900,"Columbia, SC",SC,Southeast,2022,848826,5804,4101,1510,58,193,10605
17900,"Columbia, SC",SC,Southeast,2023,859091,5465,4634,602,15,229,9470
17900,"Columbia, SC",SC,Southeast,2024,871029,5892,4469,1096,39,327,11339
17900,"Columbia, SC",SC,Southeast,2025,879918,6070,4969,864,20,237,8261
17980,"Columbus, GA-AL",GA,Southeast,2021,326575,1133,740,379,16,14,-2681
17980,"Columbus, GA-AL",GA,Southeast,2022,324119,1648,636,978,34,34,-2681
17980,"Columbus, GA-AL",GA,Southeast,2023,323962,639,579,50,7,10,-625
17980,"Columbus, GA-AL",GA,Southeast,2024,324393,680,638,30,6,12,181
17980,"Columbus, GA-AL",GA,Southeast,2025,324830,605,571,30,6,4,280
18020,"Columbus, IN",IN,Midwest,2021,82699,231,231,0,0,0,249
18020,"Columbus, IN",IN,Midwest,2022,83542,209,209,0,0,0,784
18020,"Columbus, IN",IN,Midwest,2023,84071,156,156,0,0,0,416
18020,"Columbus, IN",IN,Midwest,2024,84942,195,183,0,0,12,678
18020,"Columbus, IN",IN,Midwest,2025,85729,187,183,0,0,4,600
18140,"Columbus, OH",OH,Midwest,2021,2146774,12062,6844,5056,231,162,-622
18140,"Columbus, OH",OH,Midwest,2022,2166993,12075,5603,6292,313,180,15562
18140,"Columbus, OH",OH,Midwest,2023,2192164,11440,5364,5706,184,370,17586
18140,"Columbus, OH",OH,Midwest,2024,2220716,13962,6094,7645,288,223,21308
18140,"Columbus, OH",OH,Midwest,2025,2242028,15757,5549,9549,360,659,13889
18580,"Corpus Christi, TX",TX,Texas & South Central,2021,447801,2575,2213,358,7,4,1086
18580,"Corpus Christi, TX",TX,Texas & South Central,2022,446837,1900,1895,5,1,0,-801
18580,"Corpus Christi, TX",TX,Texas & South Central,2023,448626,1851,1780,69,3,2,1126
18580,"Corpus Christi, TX",TX,Texas & South Central,2024,450145,2320,2198,104,11,18,662
18580,"Corpus Christi, TX",TX,Texas & South Central,2025,451191,2116,1952,142,13,22,189
18700,"Corvallis, OR",OR,Pacific,2021,93012,284,270,0,0,14,-499
18700,"Corvallis, OR",OR,Pacific,2022,97281,286,174,110,6,2,3992
18700,"Corvallis, OR",OR,Pacific,2023,97964,404,128,258,12,18,842
18700,"Corvallis, OR",OR,Pacific,2024,97590,116,91,0,0,25,-202
18700,"Corvallis, OR",OR,Pacific,2025,97728,484,103,369,6,12,314
18880,"Crestview-Fort Walton Beach-Destin, FL",FL,Southeast,2021,293434,3892,3411,378,21,103,5346
18880,"Crestview-Fort Walton Beach-Destin, FL",FL,Southeast,2022,300455,4122,2784,1222,59,116,6516
18880,"Crestview-Fort Walton Beach-Destin, FL",FL,Southeast,2023,306296,5596,2814,2710,97,72,5274
18880,"Crestview-Fort Walton Beach-Destin, FL",FL,Southeast,2024,310201,4151,2602,1497,47,52,3474
18880,"Crestview-Fort Walton Beach-Destin, FL",FL,Southeast,2025,315098,3456,2414,959,56,83,4376
19100,"Dallas-Fort Worth-Arlington, TX",TX,Texas & South Central,2021,7777844,78705,51996,25241,518,1468,78420
19100,"Dallas-Fort Worth-Arlington, TX",TX,Texas & South Central,2022,7972652,77927,43685,32242,683,2000,149714
19100,"Dallas-Fort Worth-Arlington, TX",TX,Texas & South Central,2023,8164140,68029,44366,22315,465,1348,139587
19100,"Dallas-Fort Worth-Arlington, TX",TX,Texas & South Central,2024,8353600,71788,46440,23150,624,2198,138500
19100,"Dallas-Fort Worth-Arlington, TX",TX,Texas & South Central,2025,8477157,66179,39790,24607,786,1782,73641
19140,"Dalton, GA",GA,Southeast,2021,142687,732,387,303,9,42,-153
19140,"Dalton, GA",GA,Southeast,2022,143657,480,376,30,6,74,1031
19140,"Dalton, GA",GA,Southeast,2023,145315,496,366,44,8,86,1423
19140,"Dalton, GA",GA,Southeast,2024,146957,515,377,45,9,93,1389
19140,"Dalton, GA",GA,Southeast,2025,147819,550,417,5,1,128,582
19300,"Daphne-Fairhope-Foley, AL",AL,Southeast,2021,239450,3705,3315,390,16,0,7143
19300,"Daphne-Fairhope-Foley, AL",AL,Southeast,2022,246703,3417,3141,240,10,36,7472
19300,"Daphne-Fairhope-Foley, AL",AL,Southeast,2023,254193,4363,3316,1015,61,32,7485
19300,"Daphne-Fairhope-Foley, AL",AL,Southeast,2024,261652,3883,3394,481,11,8,7625
19300,"Daphne-Fairhope-Foley, AL",AL,Southeast,2025,267761,2665,2517,132,13,16,6416
19340,"Davenport-Moline-Rock Island, IA-IL",IA,Midwest,2021,381277,629,436,106,11,87,-1861
19340,"Davenport-Moline-Rock Island, IA-IL",IA,Midwest,2022,378925,597,416,56,8,125,-1852
19340,"Davenport-Moline-Rock Island, IA-IL",IA,Midwest,2023,378915,614,366,157,8,91,416
19340,"Davenport-Moline-Rock Island, IA-IL",IA,Midwest,2024,379916,965,401,506,23,58,1026
19340,"Davenport-Moline-Rock Island, IA-IL",IA,Midwest,2025,380452,595,377,140,16,78,322
19430,"Dayton-Kettering-Beavercreek, OH",OH,Midwest,2021,813698,2039,1521,496,23,22,695
19430,"Dayton-Kettering-Beavercreek, OH",OH,Midwest,2022,813396,2265,1262,934,40,69,2176
19430,"Dayton-Kettering-Beavercreek, OH",OH,Midwest,2023,815907,1766,1120,548,27,98,3287
19430,"Dayton-Kettering-Beavercreek, OH",OH,Midwest,2024,820950,2056,1298,571,39,187,5509
19430,"Dayton-Kettering-Beavercreek, OH",OH,Midwest,2025,826554,1986,1309,532,38,145,5838
19460,"Decatur, AL",AL,Southeast,2021,156310,226,226,0,0,0,428
19460,"Decatur, AL",AL,Southeast,2022,157377,279,275,0,0,4,1461
19460,"Decatur, AL",AL,Southeast,2023,158918,319,307,0,0,12,1706
19460,"Decatur, AL",AL,Southeast,2024,159899,234,234,0,0,0,1065
19460,"Decatur, AL",AL,Southeast,2025,160326,406,263,135,16,8,484
19500,"Decatur, IL",IL,Midwest,2021,102575,33,31,0,0,2,-945
19500,"Decatur, IL",IL,Midwest,2022,101182,21,21,0,0,0,-1042
19500,"Decatur, IL",IL,Midwest,2023,100364,34,34,0,0,0,-567
19500,"Decatur, IL",IL,Midwest,2024,99949,57,39,0,0,18,-94
19500,"Decatur, IL",IL,Midwest,2025,99300,38,32,0,0,6,-319
19660,"Deltona-Daytona Beach-Ormond Beach, FL",FL,Southeast,2021,687610,8214,6753,956,47,505,21607
19660,"Deltona-Daytona Beach-Ormond Beach, FL",FL,Southeast,2022,707523,8746,6437,2115,65,194,23839
19660,"Deltona-Daytona Beach-Ormond Beach, FL",FL,Southeast,2023,723779,7082,5343,1346,29,393,19796
19660,"Deltona-Daytona Beach-Ormond Beach, FL",FL,Southeast,2024,737391,5991,5086,681,35,224,17370
19660,"Deltona-Daytona Beach-Ormond Beach, FL",FL,Southeast,2025,746933,5412,4029,1066,68,317,13341
19740,"Denver-Aurora-Centennial, CO",CO,Mountain West,2021,2978802,30006,13113,16028,356,865,-3633
19740,"Denver-Aurora-Centennial, CO",CO,Mountain West,2022,2994295,23009,10099,12342,240,568,6278
19740,"Denver-Aurora-Centennial, CO",CO,Mountain West,2023,3031278,20650,9012,11362,286,276,25291
19740,"Denver-Aurora-Centennial, CO",CO,Mountain West,2024,3081092,15570,9012,6429,163,129,37294
19740,"Denver-Aurora-Centennial, CO",CO,Mountain West,2025,3092037,15948,7477,8195,205,276,-3128
19780,"Des Moines-West Des Moines, IA",IA,Midwest,2021,720947,6969,4888,1886,44,195,6872
19780,"Des Moines-West Des Moines, IA",IA,Midwest,2022,729291,6122,3646,2309,52,167,6014
19780,"Des Moines-West Des Moines, IA",IA,Midwest,2023,739208,5000,3689,1201,40,110,7036
19780,"Des Moines-West Des Moines, IA",IA,Midwest,2024,750777,5064,3717,1221,37,126,8437
19780,"Des Moines-West Des Moines, IA",IA,Midwest,2025,758539,6249,3426,2675,57,148,4682
19820,"Detroit-Warren-Dearborn, MI",MI,Midwest,2021,4370695,8598,5666,2661,137,271,-14785
19820,"Detroit-Warren-Dearborn, MI",MI,Midwest,2022,4354135,7945,4698,2876,120,371,-12766
19820,"Detroit-Warren-Dearborn, MI",MI,Midwest,2023,4356818,6734,4541,1800,120,393,2371
19820,"Detroit-Warren-Dearborn, MI",MI,Midwest,2024,4377045,7704,4878,2269,120,557,18810
19820,"Detroit-Warren-Dearborn, MI",MI,Midwest,2025,4390913,8805,4859,3223,106,723,12486
20020,"Dothan, AL",AL,Southeast,2021,151519,494,492,0,0,2,866
20020,"Dothan, AL",AL,Southeast,2022,152596,498,484,0,0,14,1617
20020,"Dothan, AL",AL,Southeast,2023,153672,458,442,0,0,16,1261
20020,"Dothan, AL",AL,Southeast,2024,155272,561,451,96,6,14,1783
20020,"Dothan, AL",AL,Southeast,2025,156266,590,454,120,8,16,1184
20100,"Dover, DE",DE,Southeast,2021,185132,1873,1676,147,9,50,3047
20100,"Dover, DE",DE,Southeast,2022,187830,1056,1008,24,1,24,2855
20100,"Dover, DE",DE,Southeast,2023,190241,1105,879,198,10,28,2219
20100,"Dover, DE",DE,Southeast,2024,192876,1201,1056,116,6,29,2441
20100,"Dover, DE",DE,Southeast,2025,194786,1261,1030,195,11,36,1747
20220,"Dubuque, IA",IA,Midwest,2021,98885,537,166,356,7,15,-521
20220,"Dubuque, IA",IA,Midwest,2022,98723,163,155,0,0,8,-142
20220,"Dubuque, IA",IA,Midwest,2023,98907,195,127,56,3,12,153
20220,"Dubuque, IA",IA,Midwest,2024,99033,474,148,319,6,7,54
20220,"Dubuque, IA",IA,Midwest,2025,99381,334,159,164,6,11,262
20260,"Duluth, MN-WI",MN,Midwest,2021,279807,708,566,140,7,2,-159
20260,"Duluth, MN-WI",MN,Midwest,2022,281522,756,555,187,3,14,2528
20260,"Duluth, MN-WI",MN,Midwest,2023,281465,842,538,276,4,28,837
20260,"Duluth, MN-WI",MN,Midwest,2024,281273,858,484,360,8,14,702
20260,"Duluth, MN-WI",MN,Midwest,2025,281219,647,424,206,5,17,815
20500,"Durham-Chapel Hill, NC",NC,Southeast,2021,592945,5900,3735,2121,42,44,9768
20500,"Durham-Chapel Hill, NC",NC,Southeast,2022,601130,6392,3170,3143,56,79,6537
20500,"Durham-Chapel Hill, NC",NC,Southeast,2023,609280,7210,3127,3991,83,92,6600
20500,"Durham-Chapel Hill, NC",NC,Southeast,2024,618157,3858,2815,989,33,54,7113
20500,"Durham-Chapel Hill, NC",NC,Southeast,2025,625485,6100,3751,2263,45,86,5454
20580,"Eagle Pass, TX",TX,Texas & South Central,2024,58580,77,61,8,1,8,-20
20580,"Eagle Pass, TX",TX,Texas & South Central,2025,58823,94,64,12,1,18,-300
20740,"Eau Claire, WI",WI,Midwest,2021,172615,1279,461,610,32,208,213
20740,"Eau Claire, WI",WI,Midwest,2022,173610,1030,391,403,51,236,1051
20740,"Eau Claire, WI",WI,Midwest,2023,174924,1501,339,1012,33,150,1212
20740,"Eau Claire, WI",WI,Midwest,2024,175905,954,375,467,26,112,1012
20740,"Eau Claire, WI",WI,Midwest,2025,176647,946,331,479,23,136,789
20940,"El Centro, CA",CA,Pacific,2021,178809,555,425,108,11,22,-1105
20940,"El Centro, CA",CA,Pacific,2022,179421,551,379,168,12,4,-453
20940,"El Centro, CA",CA,Pacific,2023,180683,263,184,69,9,10,164
20940,"El Centro, CA",CA,Pacific,2024,182771,253,153,92,6,8,1050
20940,"El Centro, CA",CA,Pacific,2025,181411,242,224,0,0,18,-2401
21060,"Elizabethtown, KY",KY,Southeast,2021,126898,526,468,12,2,46,970
21060,"Elizabethtown, KY",KY,Southeast,2022,126927,1171,506,584,27,81,240
21060,"Elizabethtown, KY",KY,Southeast,2023,127637,1857,537,995,38,325,706
21060,"Elizabethtown, KY",KY,Southeast,2024,127800,1010,446,464,20,100,21
21060,"Elizabethtown, KY",KY,Southeast,2025,128666,491,399,40,5,52,671
21140,"Elkhart-Goshen, IN",IN,Midwest,2021,206970,458,389,63,1,6,-851
21140,"Elkhart-Goshen, IN",IN,Midwest,2022,207185,387,327,60,5,0,-490
21140,"Elkhart-Goshen, IN",IN,Midwest,2023,207133,287,279,0,0,8,-1061
21140,"Elkhart-Goshen, IN",IN,Midwest,2024,208196,484,342,136,4,6,84
21140,"Elkhart-Goshen, IN",IN,Midwest,2025,208774,777,325,442,22,10,-404
21300,"Elmira, NY",NY,Northeast,2021,83061,138,22,116,1,0,-320
21300,"Elmira, NY",NY,Northeast,2022,81535,81,30,51,7,0,-1177
21300,"Elmira, NY",NY,Northeast,2023,81090,79,25,54,10,0,-55
21300,"Elmira, NY",NY,Northeast,2024,80837,93,26,63,12,4,74
21300,"Elmira, NY",NY,Northeast,2025,80415,98,33,65,13,0,-109
21340,"El Paso, TX",TX,Texas & South Central,2021,870833,2989,2655,199,20,135,-1616
21340,"El Paso, TX",TX,Texas & South Central,2022,871730,2465,2146,227,26,92,-3050
21340,"El Paso, TX",TX,Texas & South Central,2023,876641,2247,1967,182,18,98,301
21340,"El Paso, TX",TX,Texas & South Central,2024,883344,2320,2077,143,16,100,2584
21340,"El Paso, TX",TX,Texas & South Central,2025,881291,2050,1790,142,15,118,-6238
21420,"Enid, OK",OK,Texas & South Central,2021,61986,35,35,0,0,0,-661
21420,"Enid, OK",OK,Texas & South Central,2022,61970,46,46,0,0,0,132
21420,"Enid, OK",OK,Texas & South Central,2023,62060,10,10,0,0,0,36
21420,"Enid, OK",OK,Texas & South Central,2024,62044,19,9,0,0,10,-65
21420,"Enid, OK",OK,Texas & South Central,2025,61779,20,10,0,0,10,-298
21500,"Erie, PA",PA,Northeast,2021,269444,217,174,35,5,8,-679
21500,"Erie, PA",PA,Northeast,2022,268923,238,166,54,9,18,390
21500,"Erie, PA",PA,Northeast,2023,267628,224,144,76,13,4,-671
21500,"Erie, PA",PA,Northeast,2024,266435,339,149,188,10,2,-551
21500,"Erie, PA",PA,Northeast,2025,265832,243,183,58,5,2,13
21660,"Eugene-Springfield, OR",OR,Pacific,2021,386175,2136,910,1156,40,70,2951
21660,"Eugene-Springfield, OR",OR,Pacific,2022,386268,1759,865,862,29,32,1839
21660,"Eugene-Springfield, OR",OR,Pacific,2023,382091,1239,732,473,14,34,-2739
21660,"Eugene-Springfield, OR",OR,Pacific,2024,382081,1814,799,972,60,43,1426
21660,"Eugene-Springfield, OR",OR,Pacific,2025,381584,1545,730,749,33,66,848
21780,"Evansville, IN",IN,Midwest,2021,269892,1349,1045,200,11,104,713
21780,"Evansville, IN",IN,Midwest,2022,269937,1186,807,247,15,132,566
21780,"Evansville, IN",IN,Midwest,2023,271256,898,723,47,4,128,1474
21780,"Evansville, IN",IN,Midwest,2024,272519,713,643,0,0,70,1265
21780,"Evansville, IN",IN,Midwest,2025,273786,825,594,120,5,111,1252
21820,"Fairbanks-College, AK",AK,Pacific,2021,95778,36,18,0,0,18,-410
21820,"Fairbanks-College, AK",AK,Pacific,2022,95954,27,27,0,0,0,-507
21820,"Fairbanks-College, AK",AK,Pacific,2023,95718,49,30,19,2,0,-952
21820,"Fairbanks-College, AK",AK,Pacific,2024,94624,18,6,8,1,4,-1749
21820,"Fairbanks-College, AK",AK,Pacific,2025,93972,31,13,12,1,6,-1261
22020,"Fargo, ND-MN",ND,Midwest,2021,255003,2289,1229,1058,19,2,3466
22020,"Fargo, ND-MN",ND,Midwest,2022,259422,2315,1124,1187,23,4,3162
22020,"Fargo, ND-MN",ND,Midwest,2023,263906,2089,885,1204,14,0,3118
22020,"Fargo, ND-MN",ND,Midwest,2024,266610,1492,832,563,11,97,1660
22020,"Fargo, ND-MN",ND,Midwest,2025,269528,1498,812,668,12,18,1662
22140,"Farmington, NM",NM,Mountain West,2021,121005,97,97,0,0,0,-289
22140,"Farmington, NM",NM,Mountain West,2022,120504,143,138,5,1,0,-32
22140,"Farmington, NM",NM,Mountain West,2023,120754,117,117,0,0,0,353
22140,"Farmington, NM",NM,Mountain West,2024,120525,78,70,8,1,0,-167
22140,"Farmington, NM",NM,Mountain West,2025,120340,80,80,0,0,0,-148
22180,"Fayetteville, NC",NC,Southeast,2021,392645,2307,2055,252,12,0,995
22180,"Fayetteville, NC",NC,Southeast,2022,392253,2483,2145,338,16,0,-2572
22180,"Fayetteville, NC",NC,Southeast,2023,392345,2576,2542,30,1,4,-2375
22180,"Fayetteville, NC",NC,Southeast,2024,392907,1915,1711,196,9,8,-1793
22180,"Fayetteville, NC",NC,Southeast,2025,395412,2105,1379,716,17,10,97
22220,"Fayetteville-Springdale-Rogers, AR",AR,Texas & South Central,2021,562819,7120,5678,1155,66,287,10979
22220,"Fayetteville-Springdale-Rogers, AR",AR,Texas & South Central,2022,578071,7246,5435,1463,88,348,12325
22220,"Fayetteville-Springdale-Rogers, AR",AR,Texas & South Central,2023,591086,6915,5349,1055,66,511,10073
22220,"Fayetteville-Springdale-Rogers, AR",AR,Texas & South Central,2024,607433,7984,5595,1899,70,490,13274
22220,"Fayetteville-Springdale-Rogers, AR",AR,Texas & South Central,2025,622177,8961,5666,2922,124,373,11696
22380,"Flagstaff, AZ",AZ,Mountain West,2021,142851,1051,596,437,10,18,-2361
22380,"Flagstaff, AZ",AZ,Mountain West,2022,144078,738,407,327,16,4,1070
22380,"Flagstaff, AZ",AZ,Mountain West,2023,144554,1123,314,672,32,137,205
22380,"Flagstaff, AZ",AZ,Mountain West,2024,144658,703,331,354,18,18,-143
22380,"Flagstaff, AZ",AZ,Mountain West,2025,144368,634,421,183,7,30,-553
22420,"Flint, MI",MI,Midwest,2021,404694,510,489,8,1,13,-265
22420,"Flint, MI",MI,Midwest,2022,401952,406,324,26,2,56,-1143
22420,"Flint, MI",MI,Midwest,2023,401351,380,236,80,6,64,582
22420,"Flint, MI",MI,Midwest,2024,401288,420,339,68,7,13,1050
22420,"Flint, MI",MI,Midwest,2025,401093,444,366,64,10,14,915
22500,"Florence, SC",SC,Southeast,2021,199224,766,738,20,2,8,277
22500,"Florence, SC",SC,Southeast,2022,199399,759,697,15,2,47,1031
22500,"Florence, SC",SC,Southeast,2023,200022,737,710,8,1,19,1079
22500,"Florence, SC",SC,Southeast,2024,201000,861,761,48,3,52,1387
22500,"Florence, SC",SC,Southeast,2025,201392,902,750,136,2,16,778
22520,"Florence-Muscle Shoals, AL",AL,Southeast,2021,152528,359,331,28,4,0,1863
22520,"Florence-Muscle Shoals, AL",AL,Southeast,2022,153964,274,204,26,4,44,2013
22520,"Florence-Muscle Shoals, AL",AL,Southeast,2023,155253,201,171,0,0,30,1737
22520,"Florence-Muscle Shoals, AL",AL,Southeast,2024,156371,261,189,72,9,0,1609
22520,"Florence-Muscle Shoals, AL",AL,Southeast,2025,156609,400,197,105,18,98,703
22540,"Fond du Lac, WI",WI,Midwest,2021,104128,235,153,74,5,8,116
22540,"Fond du Lac, WI",WI,Midwest,2022,104103,142,142,0,0,0,226
22540,"Fond du Lac, WI",WI,Midwest,2023,104349,133,129,0,0,4,426
22540,"Fond du Lac, WI",WI,Midwest,2024,104721,183,173,0,0,10,420
22540,"Fond du Lac, WI",WI,Midwest,2025,104669,190,172,0,0,18,-6
22660,"Fort Collins-Loveland, CO",CO,Mountain West,2021,362865,3221,2149,1064,44,8,2399
22660,"Fort Collins-Loveland, CO",CO,Mountain West,2022,367972,2572,1385,1106,55,81,4734
22660,"Fort Collins-Loveland, CO",CO,Mountain West,2023,371192,2686,1289,1358,64,39,3063
22660,"Fort Collins-Loveland, CO",CO,Mountain West,2024,374200,1786,1370,402,26,14,2761
22660,"Fort Collins-Loveland, CO",CO,Mountain West,2025,377292,2436,985,1367,74,84,2614
22900,"Fort Smith, AR-OK",AR,Texas & South Central,2021,228123,662,444,16,2,202,1287
22900,"Fort Smith, AR-OK",AR,Texas & South Central,2022,230000,732,408,122,5,202,2301
22900,"Fort Smith, AR-OK",AR,Texas & South Central,2023,230965,683,399,0,0,284,1220
22900,"Fort Smith, AR-OK",AR,Texas & South Central,2024,232976,553,352,16,2,185,2086
22900,"Fort Smith, AR-OK",AR,Texas & South Central,2025,234140,663,245,112,7,306,1091
23060,"Fort Wayne, IN",IN,Midwest,2021,451685,1978,1799,16,2,163,1631
23060,"Fort Wayne, IN",IN,Midwest,2022,454706,2335,1453,842,31,40,2195
23060,"Fort Wayne, IN",IN,Midwest,2023,458325,2436,1680,706,35,50,2193
23060,"Fort Wayne, IN",IN,Midwest,2024,462866,2034,1409,598,29,27,2978
23060,"Fort Wayne, IN",IN,Midwest,2025,466258,1641,1449,134,5,58,1813
23420,"Fresno, CA",CA,Pacific,2021,1171964,3902,3369,462,42,71,537
23420,"Fresno, CA",CA,Pacific,2022,1178247,3662,2944,650,64,68,1433
23420,"Fresno, CA",CA,Pacific,2023,1188936,3154,2376,764,71,14,4242
23420,"Fresno, CA",CA,Pacific,2024,1199830,3782,3466,304,16,12,4562
23420,"Fresno, CA",CA,Pacific,2025,1203383,3518,3146,290,16,82,-2857
23460,"Gadsden, AL",AL,Southeast,2021,102924,188,138,46,6,4,168
23460,"Gadsden, AL",AL,Southeast,2022,102842,157,157,0,0,0,589
23460,"Gadsden, AL",AL,Southeast,2023,103227,106,106,0,0,0,821
23460,"Gadsden, AL",AL,Southeast,2024,103475,133,117,0,0,16,555
23460,"Gadsden, AL",AL,Southeast,2025,103886,123,123,0,0,0,701
23540,"Gainesville, FL",FL,Southeast,2021,344398,2743,1652,1087,12,4,3752
23540,"Gainesville, FL",FL,Southeast,2022,349210,3137,1345,1780,41,12,5212
23540,"Gainesville, FL",FL,Southeast,2023,354255,1945,1247,687,6,11,4984
23540,"Gainesville, FL",FL,Southeast,2024,357221,2043,1115,922,17,6,2985
23540,"Gainesville, FL",FL,Southeast,2025,359036,3674,1023,2629,46,22,1751
23580,"Gainesville, GA",GA,Southeast,2021,206988,2249,1402,765,52,82,3245
23580,"Gainesville, GA",GA,Southeast,2022,213142,2067,1196,825,28,46,5288
23580,"Gainesville, GA",GA,Southeast,2023,218510,1319,1214,70,10,35,4421
23580,"Gainesville, GA",GA,Southeast,2024,223545,2339,1647,620,43,72,3966
23580,"Gainesville, GA",GA,Southeast,2025,226568,1996,1892,86,12,18,1925
23900,"Gettysburg, PA",PA,Northeast,2021,105728,438,438,0,0,0,2283
23900,"Gettysburg, PA",PA,Northeast,2022,105994,394,394,0,0,0,608
23900,"Gettysburg, PA",PA,Northeast,2023,106945,338,338,0,0,0,1241
23900,"Gettysburg, PA",PA,Northeast,2024,107155,403,403,0,0,0,480
23900,"Gettysburg, PA",PA,Northeast,2025,107594,476,476,0,0,0,701
24020,"Glens Falls, NY",NY,Northeast,2021,126686,384,256,128,11,0,392
24020,"Glens Falls, NY",NY,Northeast,2022,126269,292,232,22,4,38,276
24020,"Glens Falls, NY",NY,Northeast,2023,125519,238,226,6,1,6,-265
24020,"Glens Falls, NY",NY,Northeast,2024,125083,355,243,102,7,10,68
24020,"Glens Falls, NY",NY,Northeast,2025,124373,327,278,24,1,25,-224
24140,"Goldsboro, NC",NC,Southeast,2021,117416,482,474,0,0,8,-422
24140,"Goldsboro, NC",NC,Southeast,2022,118206,418,344,72,3,2,731
24140,"Goldsboro, NC",NC,Southeast,2023,119731,538,538,0,0,0,1326
24140,"Goldsboro, NC",NC,Southeast,2024,121168,605,583,0,0,22,1225
24140,"Goldsboro, NC",NC,Southeast,2025,122278,954,879,54,3,21,860
24220,"Grand Forks, ND-MN",ND,Midwest,2021,103283,227,218,0,0,9,-1258
24220,"Grand Forks, ND-MN",ND,Midwest,2022,102829,165,165,0,0,0,-611
24220,"Grand Forks, ND-MN",ND,Midwest,2023,103529,165,159,0,0,6,473
24220,"Grand Forks, ND-MN",ND,Midwest,2024,104316,226,158,54,1,14,555
24220,"Grand Forks, ND-MN",ND,Midwest,2025,105046,228,157,71,1,0,435
24260,"Grand Island, NE",NE,Midwest,2021,76275,305,159,124,13,22,-812
24260,"Grand Island, NE",NE,Midwest,2022,76781,234,179,0,0,55,305
24260,"Grand Island, NE",NE,Midwest,2023,77602,399,146,126,13,127,457
24260,"Grand Island, NE",NE,Midwest,2024,78273,307,157,98,6,52,380
24260,"Grand Island, NE",NE,Midwest,2025,78076,267,129,37,3,101,-465
24300,"Grand Junction, CO",CO,Mountain West,2021,157516,1231,909,297,14,25,1874
24300,"Grand Junction, CO",CO,Mountain West,2022,158634,969,668,293,11,8,1631
24300,"Grand Junction, CO",CO,Mountain West,2023,159794,1246,527,707,25,12,1492
24300,"Grand Junction, CO",CO,Mountain West,2024,161400,1014,714,240,10,60,1857
24300,"Grand Junction, CO",CO,Mountain West,2025,162845,810,693,117,7,0,1600
24340,"Grand Rapids-Wyoming-Kentwood, MI",MI,Midwest,2021,1154812,3705,2811,674,34,220,-260
24340,"Grand Rapids-Wyoming-Kentwood, MI",MI,Midwest,2022,1158072,4198,2488,1441,83,269,1305
24340,"Grand Rapids-Wyoming-Kentwood, MI",MI,Midwest,2023,1165657,3603,2405,951,46,247,4290
24340,"Grand Rapids-Wyoming-Kentwood, MI",MI,Midwest,2024,1175992,3861,2415,1352,60,94,6960
24340,"Grand Rapids-Wyoming-Kentwood, MI",MI,Midwest,2025,1183645,4267,2558,1571,60,138,4343
24420,"Grants Pass, OR",OR,Pacific,2021,88620,333,265,0,0,68,987
24420,"Grants Pass, OR",OR,Pacific,2022,87793,338,246,56,5,36,6
24420,"Grants Pass, OR",OR,Pacific,2023,87949,209,172,16,2,21,815
24420,"Grants Pass, OR",OR,Pacific,2024,88143,202,174,5,1,23,835
24420,"Grants Pass, OR",OR,Pacific,2025,87867,293,156,119,10,18,378
24500,"Great Falls, MT",MT,Mountain West,2021,84569,272,200,48,4,24,240
24500,"Great Falls, MT",MT,Mountain West,2022,84908,543,198,337,7,8,515
24500,"Great Falls, MT",MT,Mountain West,2023,84623,151,143,0,0,8,-164
24500,"Great Falls, MT",MT,Mountain West,2024,84668,223,164,37,2,22,144
24500,"Great Falls, MT",MT,Mountain West,2025,85029,253,153,76,2,24,433
24540,"Greeley, CO",CO,Mountain West,2021,339891,5268,3814,1050,63,404,6435
24540,"Greeley, CO",CO,Mountain West,2022,350793,6166,3229,2624,120,313,8460
24540,"Greeley, CO",CO,Mountain West,2023,360971,3627,2447,1008,65,172,7501
24540,"Greeley, CO",CO,Mountain West,2024,371280,3468,2866,545,45,57,7602
24540,"Greeley, CO",CO,Mountain West,2025,378426,2993,2011,982,72,0,4228
24580,"Green Bay, WI",WI,Midwest,2021,328968,1408,830,538,47,40,-236
24580,"Green Bay, WI",WI,Midwest,2022,331014,1249,627,418,25,204,1848
24580,"Green Bay, WI",WI,Midwest,2023,332755,993,578,193,14,222,1239
24580,"Green Bay, WI",WI,Midwest,2024,335026,1825,717,918,42,190,1748
24580,"Green Bay, WI",WI,Midwest,2025,336756,1413,832,413,18,168,1213
24660,"Greensboro-High Point, NC",NC,Southeast,2021,778524,3964,2593,1335,47,36,4629
24660,"Greensboro-High Point, NC",NC,Southeast,2022,784794,2993,2161,814,37,18,7543
24660,"Greensboro-High Point, NC",NC,Southeast,2023,791773,3507,2368,1099,35,40,7128
24660,"Greensboro-High Point, NC",NC,Southeast,2024,799545,4976,2337,2565,76,74,7588
24660,"Greensboro-High Point, NC",NC,Southeast,2025,805945,3830,2552,1176,34,102,5905
24780,"Greenville, NC",NC,Southeast,2021,175482,1275,805,446,18,24,1482
24780,"Greenville, NC",NC,Southeast,2022,177028,928,688,192,8,48,1298
24780,"Greenville, NC",NC,Southeast,2023,178776,1374,950,384,14,40,1418
24780,"Greenville, NC",NC,Southeast,2024,180882,1300,1059,204,8,37,1762
24780,"Greenville, NC",NC,Southeast,2025,182936,1285,1108,28,3,149,1684
24860,"Greenville-Anderson-Greer, SC",SC,Southeast,2021,941780,10604,8896,1504,56,204,12157
24860,"Greenville-Anderson-Greer, SC",SC,Southeast,2022,961476,8244,6477,1415,108,352,19800
24860,"Greenville-Anderson-Greer, SC",SC,Southeast,2023,980934,7684,6685,463,27,536,18506
24860,"Greenville-Anderson-Greer, SC",SC,Southeast,2024,999627,8875,7826,811,43,238,17963
24860,"Greenville-Anderson-Greer, SC",SC,Southeast,2025,1014101,8255,7317,703,31,235,14102
25060,"Gulfport-Biloxi, MS",MS,Southeast,2021,418807,2769,2432,277,29,60,2661
25060,"Gulfport-Biloxi, MS",MS,Southeast,2022,420946,2903,2695,188,17,20,3247
25060,"Gulfport-Biloxi, MS",MS,Southeast,2023,422383,3049,2942,90,7,17,1712
25060,"Gulfport-Biloxi, MS",MS,Southeast,2024,427464,2930,2920,6,1,4,5473
25060,"Gulfport-Biloxi, MS",MS,Southeast,2025,431329,3312,2755,513,25,44,4224
25180,"Hagerstown-Martinsburg, MD-WV",MD,Southeast,2021,297935,1768,1726,18,2,24,3916
25180,"Hagerstown-Martinsburg, MD-WV",MD,Southeast,2022,301390,2148,1854,268,12,26,4026
25180,"Hagerstown-Martinsburg, MD-WV",MD,Southeast,2023,305789,1754,1738,0,0,16,4386
25180,"Hagerstown-Martinsburg, MD-WV",MD,Southeast,2024,310936,1795,1748,28,3,19,4977
25180,"Hagerstown-Martinsburg, MD-WV",MD,Southeast,2025,315280,1624,1416,202,6,6,4203
25220,"Hammond, LA",LA,Texas & South Central,2021,135496,1508,943,557,1,8,1452
25220,"Hammond, LA",LA,Texas & South Central,2022,136814,1458,869,581,20,8,1202
25220,"Hammond, LA",LA,Texas & South Central,2023,138101,1213,726,483,13,4,917
25220,"Hammond, LA",LA,Texas & South Central,2024,139983,1085,699,378,13,8,1560
25220,"Hammond, LA",LA,Texas & South Central,2025,141346,1163,696,461,19,6,1106
25260,"Hanford-Corcoran, CA",CA,Pacific,2021,152837,508,484,24,2,0,-1006
25260,"Hanford-Corcoran, CA",CA,Pacific,2022,152763,436,414,0,0,22,-894
25260,"Hanford-Corcoran, CA",CA,Pacific,2023,153197,747,573,140,12,34,-579
25260,"Hanford-Corcoran, CA",CA,Pacific,2024,154119,726,389,307,14,30,-181
25260,"Hanford-Corcoran, CA",CA,Pacific,2025,154327,507,389,90,12,28,-877
25420,"Harrisburg-Carlisle, PA",PA,Northeast,2021,599815,1542,1283,189,15,70,7110
25420,"Harrisburg-Carlisle, PA",PA,Northeast,2022,603719,2711,1820,872,27,19,4390
25420,"Harrisburg-Carlisle, PA",PA,Northeast,2023,608434,1864,1213,581,37,70,4212
25420,"Harrisburg-Carlisle, PA",PA,Northeast,2024,614139,1643,1123,463,38,57,5197
25420,"Harrisburg-Carlisle, PA",PA,Northeast,2025,617427,1201,899,237,21,65,2739
25500,"Harrisonburg, VA",VA,Southeast,2021,135987,655,628,21,2,6,292
25500,"Harrisonburg, VA",VA,Southeast,2022,136505,710,649,39,7,22,381
25500,"Harrisonburg, VA",VA,Southeast,2023,137876,595,500,29,5,66,1066
25500,"Harrisonburg, VA",VA,Southeast,2024,139111,770,629,71,12,70,881
25500,"Harrisonburg, VA",VA,Southeast,2025,140155,847,662,121,4,64,784
25540,"Hartford-West Hartford-East Hartford, CT",CT,Northeast,2021,1147484,1508,962,475,54,71,10501
25540,"Hartford-West Hartford-East Hartford, CT",CT,Northeast,2022,1151169,1945,634,1183,47,128,4974
25540,"Hartford-West Hartford-East Hartford, CT",CT,Northeast,2023,1158194,2114,670,1385,63,59,7524
25540,"Hartford-West Hartford-East Hartford, CT",CT,Northeast,2024,1166241,1887,642,1169,35,76,8560
25540,"Hartford-West Hartford-East Hartford, CT",CT,Northeast,2025,1171426,1504,515,891,29,98,5212
25620,"Hattiesburg, MS",MS,Southeast,2021,154951,153,133,0,0,20,681
25620,"Hattiesburg, MS",MS,Southeast,2022,155486,154,135,0,0,19,546
25620,"Hattiesburg, MS",MS,Southeast,2023,156109,169,131,36,3,2,217
25620,"Hattiesburg, MS",MS,Southeast,2024,157175,132,132,0,0,0,606
25620,"Hattiesburg, MS",MS,Southeast,2025,158014,123,123,0,0,0,361
25740,"Helena, MT",MT,Mountain West,2024,96612,468,123,198,8,147,832
25740,"Helena, MT",MT,Mountain West,2025,97153,216,69,28,5,119,639
25860,"Hickory-Lenoir-Morganton, NC",NC,Southeast,2021,365851,1880,1302,502,46,76,2418
25860,"Hickory-Lenoir-Morganton, NC",NC,Southeast,2022,367586,2637,1799,810,68,28,3692
25860,"Hickory-Lenoir-Morganton, NC",NC,Southeast,2023,370164,2379,1908,399,28,72,3926
25860,"Hickory-Lenoir-Morganton, NC",NC,Southeast,2024,373361,2775,2310,349,55,116,4599
25860,"Hickory-Lenoir-Morganton, NC",NC,Southeast,2025,376890,3136,2434,505,26,197,4937
25940,"Hilton Head Island-Bluffton-Port Royal, SC",SC,Southeast,2021,222386,3698,2693,1002,35,3,6005
25940,"Hilton Head Island-Bluffton-Port Royal, SC",SC,Southeast,2022,228334,2951,2639,254,13,58,5992
25940,"Hilton Head Island-Bluffton-Port Royal, SC",SC,Southeast,2023,233683,2954,2642,274,13,38,5466
25940,"Hilton Head Island-Bluffton-Port Royal, SC",SC,Southeast,2024,239344,3046,2414,608,22,24,5682
25940,"Hilton Head Island-Bluffton-Port Royal, SC",SC,Southeast,2025,242966,3077,2390,687,22,0,3649
25980,"Hinesville, GA",GA,Southeast,2021,83912,837,837,0,0,0,1527
25980,"Hinesville, GA",GA,Southeast,2022,86440,844,768,72,1,4,1458
25980,"Hinesville, GA",GA,Southeast,2023,87744,711,707,0,0,4,223
25980,"Hinesville, GA",GA,Southeast,2024,90030,769,760,0,0,9,1261
25980,"Hinesville, GA",GA,Southeast,2025,91870,630,623,0,0,7,819
26140,"Homosassa Springs, FL",FL,Southeast,2021,158202,1983,1971,0,0,12,6410
26140,"Homosassa Springs, FL",FL,Southeast,2022,162495,1628,1620,0,0,8,6432
26140,"Homosassa Springs, FL",FL,Southeast,2023,166667,2202,2196,0,0,6,6065
26140,"Homosassa Springs, FL",FL,Southeast,2024,169821,2443,2415,0,0,28,5128
26140,"Homosassa Springs, FL",FL,Southeast,2025,171666,2102,2082,6,1,14,3850
26300,"Hot Springs, AR",AR,Texas & South Central,2021,100318,330,78,252,1,0,745
26300,"Hot Springs, AR",AR,Texas & South Central,2022,99975,99,67,0,0,32,500
26300,"Hot Springs, AR",AR,Texas & South Central,2023,99772,84,78,0,0,6,437
26300,"Hot Springs, AR",AR,Texas & South Central,2024,99910,111,87,24,1,0,774
26300,"Hot Springs, AR",AR,Texas & South Central,2025,99695,326,98,224,7,4,432
26380,"Houma-Bayou Cane-Thibodaux, LA",LA,Texas & South Central,2021,206535,587,538,0,0,49,-580
26380,"Houma-Bayou Cane-Thibodaux, LA",LA,Texas & South Central,2022,200536,872,762,52,10,58,-6053
26380,"Houma-Bayou Cane-Thibodaux, LA",LA,Texas & South Central,2023,199497,617,591,13,1,13,-1329
26380,"Houma-Bayou Cane-Thibodaux, LA",LA,Texas & South Central,2024,199607,623,615,0,0,8,-33
26380,"Houma-Bayou Cane-Thibodaux, LA",LA,Texas & South Central,2025,199668,591,559,0,0,32,-83
26420,"Houston-Pasadena-The Woodlands, TX",TX,Texas & South Central,2021,7248044,69263,52719,15648,499,896,44009
26420,"Houston-Pasadena-The Woodlands, TX",TX,Texas & South Central,2022,7406285,75633,47606,27124,887,903,118440
26420,"Houston-Pasadena-The Woodlands, TX",TX,Texas & South Central,2023,7587646,68755,50444,16491,527,1820,133043
26420,"Houston-Pasadena-The Woodlands, TX",TX,Texas & South Central,2024,7777907,65747,52703,11505,345,1539,142344
26420,"Houston-Pasadena-The Woodlands, TX",TX,Texas & South Central,2025,7904627,65075,46219,16385,477,2471,79211
26580,"Huntington-Ashland, WV-KY-OH",WV,Southeast,2021,372888,305,297,0,0,8,-845
26580,"Huntington-Ashland, WV-KY-OH",WV,Southeast,2022,369909,255,241,0,0,14,-120
26580,"Huntington-Ashland, WV-KY-OH",WV,Southeast,2023,368327,290,228,22,3,40,429
26580,"Huntington-Ashland, WV-KY-OH",WV,Southeast,2024,367055,602,236,342,8,24,661
26580,"Huntington-Ashland, WV-KY-OH",WV,Southeast,2025,365965,309,236,0,0,73,835
26620,"Huntsville, AL",AL,Southeast,2021,504016,6172,4230,1910,88,32,9336
26620,"Huntsville, AL",AL,Southeast,2022,514992,4035,3617,412,25,6,10148
26620,"Huntsville, AL",AL,Southeast,2023,528226,5940,3908,1938,40,94,12330
26620,"Huntsville, AL",AL,Southeast,2024,542122,5206,3972,1186,28,48,12905
26620,"Huntsville, AL",AL,Southeast,2025,556444,4519,3313,1126,63,80,13569
26820,"Idaho Falls, ID",ID,Mountain West,2021,162943,1478,1430,0,0,48,3797
26820,"Idaho Falls, ID",ID,Mountain West,2022,165702,1380,1184,72,5,124,1899
26820,"Idaho Falls, ID",ID,Mountain West,2023,168554,1808,857,791,20,160,1801
26820,"Idaho Falls, ID",ID,Mountain West,2024,171375,2546,1427,1051,41,68,1909
26820,"Idaho Falls, ID",ID,Mountain West,2025,173851,1540,1016,470,23,54,1515
26900,"Indianapolis-Carmel-Greenwood, IN",IN,Midwest,2021,2106709,13451,10159,2880,92,412,9344
26900,"Indianapolis-Carmel-Greenwood, IN",IN,Midwest,2022,2126489,13533,8620,4671,127,242,14898
26900,"Indianapolis-Carmel-Greenwood, IN",IN,Midwest,2023,2152012,12554,7252,4960,160,342,17824
26900,"Indianapolis-Carmel-Greenwood, IN",IN,Midwest,2024,2183424,11788,9168,2314,96,306,23183
26900,"Indianapolis-Carmel-Greenwood, IN",IN,Midwest,2025,2205695,11463,9322,1974,104,167,14338
26980,"Iowa City, IA",IA,Midwest,2021,177665,1167,661,451,13,55,1165
26980,"Iowa City, IA",IA,Midwest,2022,179220,1429,492,783,15,154,966
26980,"Iowa City, IA",IA,Midwest,2023,180295,1266,506,687,15,73,271
26980,"Iowa City, IA",IA,Midwest,2024,181465,748,528,170,10,50,322
26980,"Iowa City, IA",IA,Midwest,2025,182711,1266,526,683,27,57,378
27060,"Ithaca, NY",NY,Northeast,2021,102567,644,107,513,10,24,-2639
27060,"Ithaca, NY",NY,Northeast,2022,104177,239,173,54,2,12,1582
27060,"Ithaca, NY",NY,Northeast,2023,104453,343,146,183,12,14,418
27060,"Ithaca, NY",NY,Northeast,2024,104394,337,145,175,20,17,58
27060,"Ithaca, NY",NY,Northeast,2025,104047,471,146,287,19,38,-221
27100,"Jackson, MI",MI,Midwest,2021,160195,176,176,0,0,0,239
27100,"Jackson, MI",MI,Midwest,2022,159780,141,141,0,0,0,218
27100,"Jackson, MI",MI,Midwest,2023,159607,155,153,0,0,2,130
27100,"Jackson, MI",MI,Midwest,2024,159588,334,231,103,2,0,326
27100,"Jackson, MI",MI,Midwest,2025,159552,303,196,99,10,8,299
27140,"Jackson, MS",MS,Southeast,2021,612680,1416,1414,0,0,2,-5682
27140,"Jackson, MS",MS,Southeast,2022,609829,1234,1221,0,0,13,-2657
27140,"Jackson, MS",MS,Southeast,2023,609365,1201,1132,62,8,7,-1248
27140,"Jackson, MS",MS,Southeast,2024,608497,1398,1377,13,1,8,-1614
27140,"Jackson, MS",MS,Southeast,2025,609847,1568,1402,101,3,65,618
27180,"Jackson, TN",TN,Southeast,2021,180554,537,537,0,0,0,554
27180,"Jackson, TN",TN,Southeast,2022,181624,456,454,0,0,2,1649
27180,"Jackson, TN",TN,Southeast,2023,182442,434,428,0,0,6,1015
27180,"Jackson, TN",TN,Southeast,2024,183716,443,439,0,0,4,1442
27180,"Jackson, TN",TN,Southeast,2025,184569,472,460,0,0,12,998
27260,"Jacksonville, FL",FL,Southeast,2021,1642298,22738,16536,5873,158,329,29033
27260,"Jacksonville, FL",FL,Southeast,2022,1683120,23163,14410,8608,191,145,39483
27260,"Jacksonville, FL",FL,Southeast,2023,1726282,20326,12479,7414,190,433,39752
27260,"Jacksonville, FL",FL,Southeast,2024,1759347,15002,12936,1753,76,313,30039
27260,"Jacksonville, FL",FL,Southeast,2025,1785500,13455,9512,3700,115,243,22776
27340,"Jacksonville, NC",NC,Southeast,2021,203512,1597,1555,24,4,18,-3473
27340,"Jacksonville, NC",NC,Southeast,2022,206682,1322,1212,72,3,38,966
27340,"Jacksonville, NC",NC,Southeast,2023,210955,1419,1107,240,10,72,2071
27340,"Jacksonville, NC",NC,Southeast,2024,214672,1246,1213,0,0,33,1592
27340,"Jacksonville, NC",NC,Southeast,2025,217175,1372,1318,20,2,34,357
27500,"Janesville-Beloit, WI",WI,Midwest,2021,164150,617,361,176,4,80,294
27500,"Janesville-Beloit, WI",WI,Midwest,2022,163954,396,286,76,1,34,81
27500,"Janesville-Beloit, WI",WI,Midwest,2023,164619,313,223,32,4,58,698
27500,"Janesville-Beloit, WI",WI,Midwest,2024,165665,628,301,263,12,64,994
27500,"Janesville-Beloit, WI",WI,Midwest,2025,166472,388,316,16,2,56,731
27620,"Jefferson City, MO",MO,Midwest,2021,149974,246,238,0,0,8,616
27620,"Jefferson City, MO",MO,Midwest,2022,150317,179,163,0,0,16,479
27620,"Jefferson City, MO",MO,Midwest,2023,150794,192,174,0,0,18,419
27620,"Jefferson City, MO",MO,Midwest,2024,151898,215,201,0,0,14,912
27620,"Jefferson City, MO",MO,Midwest,2025,152712,206,181,0,0,25,635
27740,"Johnson City, TN",TN,Southeast,2021,207206,819,766,39,6,14,1039
27740,"Johnson City, TN",TN,Southeast,2022,210408,1024,802,197,27,25,4388
27740,"Johnson City, TN",TN,Southeast,2023,213324,1044,765,214,11,65,3951
27740,"Johnson City, TN",TN,Southeast,2024,214867,1358,881,437,43,40,2510
27740,"Johnson City, TN",TN,Southeast,2025,216416,915,868,21,3,26,2550
27780,"Johnstown, PA",PA,Northeast,2021,132251,62,62,0,0,0,-3
27780,"Johnstown, PA",PA,Northeast,2022,131399,94,94,0,0,0,192
27780,"Johnstown, PA",PA,Northeast,2023,130590,47,44,0,0,3,23
27780,"Johnstown, PA",PA,Northeast,2024,129905,62,58,0,0,4,82
27780,"Johnstown, PA",PA,Northeast,2025,128968,61,61,0,0,0,-196
27860,"Jonesboro, AR",AR,Texas & South Central,2021,134378,1147,785,96,16,266,-355
27860,"Jonesboro, AR",AR,Texas & South Central,2022,135232,1149,681,129,22,339,699
27860,"Jonesboro, AR",AR,Texas & South Central,2023,136618,1027,615,103,16,309,1100
27860,"Jonesboro, AR",AR,Texas & South Central,2024,138696,1016,661,86,14,269,1706
27860,"Jonesboro, AR",AR,Texas & South Central,2025,139440,1017,616,119,18,282,343
27900,"Joplin, MO-KS",MO,Midwest,2021,201951,991,665,289,16,37,1280
27900,"Joplin, MO-KS",MO,Midwest,2022,203098,1197,589,494,29,114,1571
27900,"Joplin, MO-KS",MO,Midwest,2023,204948,797,529,122,14,146,1879
27900,"Joplin, MO-KS",MO,Midwest,2024,207244,691,535,40,8,116,2214
27900,"Joplin, MO-KS",MO,Midwest,2025,208796,620,520,5,1,95,1517
27980,"Kahului-Wailuku, HI",HI,Pacific,2021,164887,880,396,453,64,31,-417
27980,"Kahului-Wailuku, HI",HI,Pacific,2022,164276,684,284,338,11,62,-838
27980,"Kahului-Wailuku, HI",HI,Pacific,2023,164104,606,469,133,9,4,-363
27980,"Kahului-Wailuku, HI",HI,Pacific,2024,162320,1118,623,459,15,36,-1913
27980,"Kahului-Wailuku, HI",HI,Pacific,2025,160674,902,527,297,9,78,-1740
28020,"Kalamazoo-Portage, MI",MI,Midwest,2021,260596,419,402,0,0,17,-1301
28020,"Kalamazoo-Portage, MI",MI,Midwest,2022,261121,457,341,40,7,76,624
28020,"Kalamazoo-Portage, MI",MI,Midwest,2023,262460,718,409,300,6,9,1253
28020,"Kalamazoo-Portage, MI",MI,Midwest,2024,263122,301,284,0,0,17,583
28020,"Kalamazoo-Portage, MI",MI,Midwest,2025,263795,487,479,0,0,8,554
28100,"Kankakee, IL",IL,Midwest,2021,106960,140,140,0,0,0,-279
28100,"Kankakee, IL",IL,Midwest,2022,105874,116,103,0,0,13,-872
28100,"Kankakee, IL",IL,Midwest,2023,105843,86,72,7,1,7,67
28100,"Kankakee, IL",IL,Midwest,2024,105814,139,95,5,1,39,133
28100,"Kankakee, IL",IL,Midwest,2025,105525,113,92,0,0,21,-142
28140,"Kansas City, MO-KS",MO,Midwest,2021,2204025,11254,7051,3495,99,708,3027
28140,"Kansas City, MO-KS",MO,Midwest,2022,2210616,11213,5198,5390,128,625,4878
28140,"Kansas City, MO-KS",MO,Midwest,2023,2229173,7514,4299,2733,60,482,13393
28140,"Kansas City, MO-KS",MO,Midwest,2024,2253287,9148,4875,3395,106,878,18176
28140,"Kansas City, MO-KS",MO,Midwest,2025,2270682,9893,5202,4278,142,413,11253
28420,"Kennewick-Richland, WA",WA,Pacific,2021,308708,2149,1915,111,4,123,2471
28420,"Kennewick-Richland, WA",WA,Pacific,2022,311263,1886,1232,485,18,169,1234
28420,"Kennewick-Richland, WA",WA,Pacific,2023,315388,2059,1090,845,29,124,2724
28420,"Kennewick-Richland, WA",WA,Pacific,2024,320317,2489,1504,893,36,92,3326
28420,"Kennewick-Richland, WA",WA,Pacific,2025,324334,2431,1381,977,54,73,2401
28450,"Kenosha, WI",WI,Midwest,2024,168448,260,216,8,1,36,521
28450,"Kenosha, WI",WI,Midwest,2025,168448,892,180,518,6,194,-101
28660,"Killeen-Temple, TX",TX,Texas & South Central,2021,487370,4312,2576,1170,59,566,7242
28660,"Killeen-Temple, TX",TX,Texas & South Central,2022,494704,4016,2677,837,57,502,4252
28660,"Killeen-Temple, TX",TX,Texas & South Central,2023,502497,3580,2541,481,26,558,4370
28660,"Killeen-Temple, TX",TX,Texas & South Central,2024,506188,3646,2964,246,4,436,236
28660,"Killeen-Temple, TX",TX,Texas & South Central,2025,511497,3358,2500,386,21,472,1792
28700,"Kingsport-Bristol, TN-VA",TN,Southeast,2021,308810,679,663,5,1,11,3548
28700,"Kingsport-Bristol, TN-VA",TN,Southeast,2022,311093,939,815,60,6,64,4794
28700,"Kingsport-Bristol, TN-VA",TN,Southeast,2023,312656,798,748,40,8,10,3870
28700,"Kingsport-Bristol, TN-VA",TN,Southeast,2024,314087,739,701,6,1,32,3352
28700,"Kingsport-Bristol, TN-VA",TN,Southeast,2025,314834,1156,817,319,17,20,2767
28740,"Kingston, NY",NY,Northeast,2021,183636,342,312,18,3,12,2885
28740,"Kingston, NY",NY,Northeast,2022,182546,446,280,160,16,6,-515
28740,"Kingston, NY",NY,Northeast,2023,182956,344,248,88,5,8,891
28740,"Kingston, NY",NY,Northeast,2024,183095,521,270,217,10,34,657
28740,"Kingston, NY",NY,Northeast,2025,183330,434,273,124,14,37,720
28880,"Kiryas Joel-Poughkeepsie-Newburgh, NY",NY,Northeast,2024,714344,2805,740,1996,81,69,3953
28880,"Kiryas Joel-Poughkeepsie-Newburgh, NY",NY,Northeast,2025,718377,2220,841,1324,65,55,1329
28940,"Knoxville, TN",TN,Southeast,2021,916760,5990,4685,1280,63,25,13676
28940,"Knoxville, TN",TN,Southeast,2022,933723,4838,3809,987,50,42,19601
28940,"Knoxville, TN",TN,Southeast,2023,947525,6401,4218,1959,67,224,15504
28940,"Knoxville, TN",TN,Southeast,2024,959488,6946,4845,2049,51,52,13587
28940,"Knoxville, TN",TN,Southeast,2025,968137,7855,4969,2780,84,106,10315
29020,"Kokomo, IN",IN,Midwest,2021,83553,190,188,0,0,2,246
29020,"Kokomo, IN",IN,Midwest,2022,83479,164,116,48,2,0,350
29020,"Kokomo, IN",IN,Midwest,2023,83833,138,114,0,0,24,612
29020,"Kokomo, IN",IN,Midwest,2024,84018,194,182,0,0,12,446
29020,"Kokomo, IN",IN,Midwest,2025,83904,106,106,0,0,0,136
29100,"La Crosse-Onalaska, WI-MN",WI,Midwest,2021,169104,694,242,365,12,87,-1318
29100,"La Crosse-Onalaska, WI-MN",WI,Midwest,2022,170166,401,212,129,3,60,1162
29100,"La Crosse-Onalaska, WI-MN",WI,Midwest,2023,170516,472,205,195,8,72,415
29100,"La Crosse-Onalaska, WI-MN",WI,Midwest,2024,170863,630,348,208,4,74,412
29100,"La Crosse-Onalaska, WI-MN",WI,Midwest,2025,171182,476,318,138,3,20,373
29180,"Lafayette, LA",LA,Texas & South Central,2021,410681,3044,3040,0,0,4,1408
29180,"Lafayette, LA",LA,Texas & South Central,2022,413649,2071,2051,20,2,0,2150
29180,"Lafayette, LA",LA,Texas & South Central,2023,415934,2386,2008,378,28,0,1008
29180,"Lafayette, LA",LA,Texas & South Central,2024,420683,2019,2001,10,1,8,3554
29180,"Lafayette, LA",LA,Texas & South Central,2025,423758,2063,2063,0,0,0,1903
29200,"Lafayette-West Lafayette, IN",IN,Midwest,2021,225050,1212,580,626,24,6,536
29200,"Lafayette-West Lafayette, IN",IN,Midwest,2022,226464,1538,510,1023,24,5,1018
29200,"Lafayette-West Lafayette, IN",IN,Midwest,2023,227275,2093,506,1585,30,2,223
29200,"Lafayette-West Lafayette, IN",IN,Midwest,2024,227968,1607,516,1073,34,18,206
29200,"Lafayette-West Lafayette, IN",IN,Midwest,2025,228468,4058,632,3395,79,31,40
29340,"Lake Charles, LA",LA,Texas & South Central,2021,242520,1064,1024,0,0,40,-10796
29340,"Lake Charles, LA",LA,Texas & South Central,2022,239765,1122,862,232,12,28,-3054
29340,"Lake Charles, LA",LA,Texas & South Central,2023,241119,1032,576,432,11,24,856
29340,"Lake Charles, LA",LA,Texas & South Central,2024,243327,1457,925,526,21,6,1831
29340,"Lake Charles, LA",LA,Texas & South Central,2025,244655,546,526,0,0,20,1005
29420,"Lake Havasu City-Kingman, AZ",AZ,Mountain West,2021,217232,1637,1541,10,2,86,5958
29420,"Lake Havasu City-Kingman, AZ",AZ,Mountain West,2022,220791,2079,1962,0,0,117,5960
29420,"Lake Havasu City-Kingman, AZ",AZ,Mountain West,2023,223586,2241,2086,86,7,69,4950
29420,"Lake Havasu City-Kingman, AZ",AZ,Mountain West,2024,226262,2543,2459,33,4,51,4717
29420,"Lake Havasu City-Kingman, AZ",AZ,Mountain West,2025,228102,1817,1706,64,4,47,4096
29460,"Lakeland-Winter Haven, FL",FL,Southeast,2021,755803,13071,10591,2417,81,63,27949
29460,"Lakeland-Winter Haven, FL",FL,Southeast,2022,790796,12211,9158,2978,103,75,34131
29460,"Lakeland-Winter Haven, FL",FL,Southeast,2023,824794,12513,9209,3169,146,135,32448
29460,"Lakeland-Winter Haven, FL",FL,Southeast,2024,851434,10384,8514,1716,62,154,25692
29460,"Lakeland-Winter Haven, FL",FL,Southeast,2025,874790,8236,6725,1336,114,175,22474
29540,"Lancaster, PA",PA,Northeast,2021,556420,1039,737,213,15,89,2098
29540,"Lancaster, PA",PA,Northeast,2022,557092,1429,945,408,34,76,-85
29540,"Lancaster, PA",PA,Northeast,2023,560144,1859,1229,609,21,21,1843
29540,"Lancaster, PA",PA,Northeast,2024,562062,1184,755,376,17,53,433
29540,"Lancaster, PA",PA,Northeast,2025,563159,1296,818,429,29,49,-344
29620,"Lansing-East Lansing, MI",MI,Midwest,2021,460039,1016,605,381,5,30,-11873
29620,"Lansing-East Lansing, MI",MI,Midwest,2022,472944,973,475,464,19,34,12156
29620,"Lansing-East Lansing, MI",MI,Midwest,2023,475197,949,493,410,20,46,2179
29620,"Lansing-East Lansing, MI",MI,Midwest,2024,476759,649,443,186,12,20,1540
29620,"Lansing-East Lansing, MI",MI,Midwest,2025,479722,861,547,286,15,28,2907
29700,"Laredo, TX",TX,Texas & South Central,2021,267389,1684,1462,152,14,70,-1787
29700,"Laredo, TX",TX,Texas & South Central,2022,268450,1272,1170,0,0,102,-1536
29700,"Laredo, TX",TX,Texas & South Central,2023,271942,1542,1099,406,37,37,739
29700,"Laredo, TX",TX,Texas & South Central,2024,280570,1448,1154,245,25,49,5956
29700,"Laredo, TX",TX,Texas & South Central,2025,281224,1340,1029,257,24,54,-1990
29740,"Las Cruces, NM",NM,Mountain West,2021,221734,1338,1239,95,12,4,1454
29740,"Las Cruces, NM",NM,Mountain West,2022,223385,1105,1079,0,0,26,1413
29740,"Las Cruces, NM",NM,Mountain West,2023,225966,861,837,0,0,24,2061
29740,"Las Cruces, NM",NM,Mountain West,2024,228104,964,834,0,0,130,1738
29740,"Las Cruces, NM",NM,Mountain West,2025,229091,833,744,0,0,89,678
29820,"Las Vegas-Henderson-North Las Vegas, NV",NV,Mountain West,2021,2296793,16307,12156,3419,187,732,17204
29820,"Las Vegas-Henderson-North Las Vegas, NV",NV,Mountain West,2022,2323145,13066,9199,3581,175,286,24162
29820,"Las Vegas-Henderson-North Las Vegas, NV",NV,Mountain West,2023,2351008,13073,10087,2736,94,250,23766
29820,"Las Vegas-Henderson-North Las Vegas, NV",NV,Mountain West,2024,2385746,14754,12277,2301,74,176,30888
29820,"Las Vegas-Henderson-North Las Vegas, NV",NV,Mountain West,2025,2407226,14466,9422,4540,203,504,17355
29940,"Lawrence, KS",KS,Midwest,2021,119527,518,262,248,12,8,493
29940,"Lawrence, KS",KS,Midwest,2022,119941,401,189,206,12,6,372
29940,"Lawrence, KS",KS,Midwest,2023,120727,223,191,12,1,20,677
29940,"Lawrence, KS",KS,Midwest,2024,120939,247,196,38,4,13,118
29940,"Lawrence, KS",KS,Midwest,2025,120920,377,230,131,10,16,-130
30020,"Lawton, OK",OK,Texas & South Central,2021,127825,117,117,0,0,0,875
30020,"Lawton, OK",OK,Texas & South Central,2022,127825,79,79,0,0,0,-106
30020,"Lawton, OK",OK,Texas & South Central,2023,127338,153,121,0,0,32,-944
30020,"Lawton, OK",OK,Texas & South Central,2024,127140,135,129,0,0,6,-548
30020,"Lawton, OK",OK,Texas & South Central,2025,127590,201,111,46,3,44,97
30140,"Lebanon, PA",PA,Northeast,2021,143785,507,332,171,4,4,801
30140,"Lebanon, PA",PA,Northeast,2022,144037,364,225,139,3,0,643
30140,"Lebanon, PA",PA,Northeast,2023,144706,259,216,39,2,4,805
30140,"Lebanon, PA",PA,Northeast,2024,145392,324,280,36,1,8,738
30140,"Lebanon, PA",PA,Northeast,2025,146380,542,289,231,5,22,1022
30300,"Lewiston, ID-WA",ID,Mountain West,2021,64988,127,113,0,0,14,720
30300,"Lewiston, ID-WA",ID,Mountain West,2022,65487,134,124,0,0,10,855
30300,"Lewiston, ID-WA",ID,Mountain West,2023,65446,138,128,0,0,10,323
30300,"Lewiston, ID-WA",ID,Mountain West,2024,65432,226,129,72,4,25,207
30300,"Lewiston, ID-WA",ID,Mountain West,2025,65450,309,155,144,6,10,152
30340,"Lewiston-Auburn, ME",ME,Northeast,2021,112760,221,178,35,1,8,1905
30340,"Lewiston-Auburn, ME",ME,Northeast,2022,113437,484,238,242,10,4,1064
30340,"Lewiston-Auburn, ME",ME,Northeast,2023,114587,347,250,81,7,16,1330
30340,"Lewiston-Auburn, ME",ME,Northeast,2024,115600,346,263,57,3,26,1268
30340,"Lewiston-Auburn, ME",ME,Northeast,2025,116487,453,269,164,9,20,1103
30460,"Lexington-Fayette, KY",KY,Southeast,2021,516769,2943,1760,1139,47,44,-1511
30460,"Lexington-Fayette, KY",KY,Southeast,2022,519473,2709,1460,1155,41,94,2164
30460,"Lexington-Fayette, KY",KY,Southeast,2023,524584,2442,1319,1053,42,70,4152
30460,"Lexington-Fayette, KY",KY,Southeast,2024,530816,2201,1392,710,46,99,5212
30460,"Lexington-Fayette, KY",KY,Southeast,2025,535174,2327,1556,661,37,110,3196
30500,"Lexington Park, MD",MD,Southeast,2024,210837,366,363,0,0,3,508
30500,"Lexington Park, MD",MD,Southeast,2025,211176,439,383,45,3,11,-9
30620,"Lima, OH",OH,Midwest,2021,101705,226,121,94,9,11,-258
30620,"Lima, OH",OH,Midwest,2022,100974,109,106,0,0,3,-436
30620,"Lima, OH",OH,Midwest,2023,100810,77,71,0,0,6,-148
30620,"Lima, OH",OH,Midwest,2024,100952,100,94,0,0,6,116
30620,"Lima, OH",OH,Midwest,2025,100881,157,121,36,6,0,-117
30700,"Lincoln, NE",NE,Midwest,2021,341065,2607,1378,1203,40,26,-1057
30700,"Lincoln, NE",NE,Midwest,2022,342750,3349,1132,2176,64,41,895
30700,"Lincoln, NE",NE,Midwest,2023,345833,2137,849,1259,45,29,2146
30700,"Lincoln, NE",NE,Midwest,2024,349231,2036,1077,943,31,16,2321
30700,"Lincoln, NE",NE,Midwest,2025,352081,2402,1024,1364,35,14,1666
30780,"Little Rock-North Little Rock-Conway, AR",AR,Texas & South Central,2021,751980,3635,2505,833,33,297,2424
30780,"Little Rock-North Little Rock-Conway, AR",AR,Texas & South Central,2022,758829,3338,1863,1416,35,59,6749
30780,"Little Rock-North Little Rock-Conway, AR",AR,Texas & South Central,2023,765621,2664,1932,585,38,147,5861
30780,"Little Rock-North Little Rock-Conway, AR",AR,Texas & South Central,2024,772588,2606,2055,451,24,100,6171
30780,"Little Rock-North Little Rock-Conway, AR",AR,Texas & South Central,2025,777607,3142,2566,397,20,179,4159
30860,"Logan, UT-ID",UT,Mountain West,2021,152170,1309,1070,200,24,39,2779
30860,"Logan, UT-ID",UT,Mountain West,2022,155598,1108,787,313,26,8,2031
30860,"Logan, UT-ID",UT,Mountain West,2023,158554,1040,693,339,16,8,1556
30860,"Logan, UT-ID",UT,Mountain West,2024,160329,1096,946,146,9,4,424
30860,"Logan, UT-ID",UT,Mountain West,2025,160889,1176,914,262,14,0,-893
30980,"Longview, TX",TX,Texas & South Central,2021,288327,579,395,152,3,32,2390
30980,"Longview, TX",TX,Texas & South Central,2022,290675,745,351,292,19,102,2951
30980,"Longview, TX",TX,Texas & South Central,2023,294161,364,329,16,2,19,3246
30980,"Longview, TX",TX,Texas & South Central,2024,296451,288,268,0,0,20,2342
30980,"Longview, TX",TX,Texas & South Central,2025,297315,288,276,0,0,12,936
31020,"Longview-Kelso, WA",WA,Pacific,2021,111703,348,286,54,4,8,858
31020,"Longview-Kelso, WA",WA,Pacific,2022,112021,585,311,198,15,76,639
31020,"Longview-Kelso, WA",WA,Pacific,2023,112866,308,288,0,0,20,1014
31020,"Longview-Kelso, WA",WA,Pacific,2024,113764,353,297,40,6,16,1013
31020,"Longview-Kelso, WA",WA,Pacific,2025,114885,308,298,0,0,10,1174
31080,"Los Angeles-Long Beach-Anaheim, CA",CA,Pacific,2021,12971258,31151,11090,18267,546,1794,-212333
31080,"Los Angeles-Long Beach-Anaheim, CA",CA,Pacific,2022,12904776,32873,11199,19634,527,2040,-95510
31080,"Los Angeles-Long Beach-Anaheim, CA",CA,Pacific,2023,12881909,30767,12035,16654,483,2078,-51949
31080,"Los Angeles-Long Beach-Anaheim, CA",CA,Pacific,2024,12906895,26781,11777,13269,386,1735,-6467
31080,"Los Angeles-Long Beach-Anaheim, CA",CA,Pacific,2025,12844441,27242,12883,12525,360,1834,-92342
31140,"Louisville/Jefferson County, KY-IN",KY,Southeast,2021,1361919,5508,4136,1302,52,70,-508
31140,"Louisville/Jefferson County, KY-IN",KY,Southeast,2022,1367581,5376,3345,1951,58,80,7132
31140,"Louisville/Jefferson County, KY-IN",KY,Southeast,2023,1378949,6731,2914,3672,127,145,10914
31140,"Louisville/Jefferson County, KY-IN",KY,Southeast,2024,1395134,5796,3690,1894,69,212,15142
31140,"Louisville/Jefferson County, KY-IN",KY,Southeast,2025,1402509,6103,3567,2436,112,100,6155
31180,"Lubbock, TX",TX,Texas & South Central,2021,355315,3404,2725,241,22,438,2803
31180,"Lubbock, TX",TX,Texas & South Central,2022,356941,3279,2325,680,55,274,861
31180,"Lubbock, TX",TX,Texas & South Central,2023,360619,2514,1952,536,49,26,2515
31180,"Lubbock, TX",TX,Texas & South Central,2024,364664,2223,1925,252,13,46,2779
31180,"Lubbock, TX",TX,Texas & South Central,2025,368431,2869,2046,789,53,34,2494
31340,"Lynchburg, VA",VA,Southeast,2021,262623,692,543,138,11,11,1466
31340,"Lynchburg, VA",VA,Southeast,2022,263364,805,499,286,21,20,1529
31340,"Lynchburg, VA",VA,Southeast,2023,265245,1092,972,108,2,12,2166
31340,"Lynchburg, VA",VA,Southeast,2024,267002,1404,967,399,9,38,2022
31340,"Lynchburg, VA",VA,Southeast,2025,269169,1115,975,122,4,18,2480
31420,"Macon-Bibb County, GA",GA,Southeast,2021,233243,563,563,0,0,0,325
31420,"Macon-Bibb County, GA",GA,Southeast,2022,233978,622,622,0,0,0,1521
31420,"Macon-Bibb County, GA",GA,Southeast,2023,236345,567,547,20,4,0,2613
31420,"Macon-Bibb County, GA",GA,Southeast,2024,237876,591,575,6,1,10,1757
31420,"Macon-Bibb County, GA",GA,Southeast,2025,238553,511,511,0,0,0,883
31540,"Madison, WI",WI,Midwest,2021,681156,7194,1737,5235,107,222,-2711
31540,"Madison, WI",WI,Midwest,2022,689975,5579,1530,3836,63,213,7393
31540,"Madison, WI",WI,Midwest,2023,698155,5361,1534,3528,69,299,6685
31540,"Madison, WI",WI,Midwest,2024,705542,5838,1679,3962,68,197,5857
31540,"Madison, WI",WI,Midwest,2025,709685,6947,1725,5008,129,214,2619
31700,"Manchester-Nashua, NH",NH,Northeast,2021,424484,1342,683,569,9,90,937
31700,"Manchester-Nashua, NH",NH,Northeast,2022,426329,844,620,174,4,50,1925
31700,"Manchester-Nashua, NH",NH,Northeast,2023,427475,1382,532,786,13,64,965
31700,"Manchester-Nashua, NH",NH,Northeast,2024,430442,872,427,349,13,96,2690
31700,"Manchester-Nashua, NH",NH,Northeast,2025,433415,632,380,188,15,64,2517
31740,"Manhattan, KS",KS,Midwest,2021,133946,278,266,0,0,12,-1469
31740,"Manhattan, KS",KS,Midwest,2022,133468,301,242,49,2,10,-1540
31740,"Manhattan, KS",KS,Midwest,2023,133251,257,215,32,1,10,-1437
31740,"Manhattan, KS",KS,Midwest,2024,134395,336,279,35,2,22,17
31740,"Manhattan, KS",KS,Midwest,2025,136122,495,300,191,11,4,576
31860,"Mankato, MN",MN,Midwest,2021,103757,480,252,187,11,41,-207
31860,"Mankato, MN",MN,Midwest,2022,104608,609,177,367,11,65,768
31860,"Mankato, MN",MN,Midwest,2023,104349,561,156,403,13,2,-400
31860,"Mankato, MN",MN,Midwest,2024,104439,377,123,179,7,75,6
31860,"Mankato, MN",MN,Midwest,2025,104907,356,234,78,8,44,394
31900,"Mansfield, OH",OH,Midwest,2021,125297,115,107,0,0,8,653
31900,"Mansfield, OH",OH,Midwest,2022,125076,247,115,63,5,69,408
31900,"Mansfield, OH",OH,Midwest,2023,124863,132,110,0,0,22,117
31900,"Mansfield, OH",OH,Midwest,2024,124957,143,122,0,0,21,242
31900,"Mansfield, OH",OH,Midwest,2025,124893,114,96,0,0,18,64
32580,"McAllen-Edinburg-Mission, TX",TX,Texas & South Central,2021,879576,6055,4844,219,19,992,950
32580,"McAllen-Edinburg-Mission, TX",TX,Texas & South Central,2022,888619,5951,3874,523,41,1554,1798
32580,"McAllen-Edinburg-Mission, TX",TX,Texas & South Central,2023,901096,6899,4143,627,96,2129,3605
32580,"McAllen-Edinburg-Mission, TX",TX,Texas & South Central,2024,913612,7292,4336,653,109,2303,3758
32580,"McAllen-Edinburg-Mission, TX",TX,Texas & South Central,2025,921549,7301,4523,570,51,2208,-1010
32780,"Medford, OR",OR,Pacific,2021,224649,1142,777,299,16,66,1378
32780,"Medford, OR",OR,Pacific,2022,222097,1080,761,261,14,58,-1519
32780,"Medford, OR",OR,Pacific,2023,221276,1384,653,668,59,63,-44
32780,"Medford, OR",OR,Pacific,2024,221347,896,631,212,19,53,826
32780,"Medford, OR",OR,Pacific,2025,221795,944,609,310,12,25,1173
32820,"Memphis, TN-MS-AR",TN,Southeast,2021,1342504,5205,4284,895,14,26,-4743
32820,"Memphis, TN-MS-AR",TN,Southeast,2022,1341834,4301,3485,814,13,2,-1330
32820,"Memphis, TN-MS-AR",TN,Southeast,2023,1342386,4058,3062,980,23,16,-2658
32820,"Memphis, TN-MS-AR",TN,Southeast,2024,1345629,4240,2773,1443,62,24,731
32820,"Memphis, TN-MS-AR",TN,Southeast,2025,1341412,3298,3082,195,10,21,-6343
32900,"Merced, CA",CA,Pacific,2021,287854,1017,1017,0,0,0,3445
32900,"Merced, CA",CA,Pacific,2022,291781,730,373,352,14,5,2448
32900,"Merced, CA",CA,Pacific,2023,294319,406,403,0,0,3,880
32900,"Merced, CA",CA,Pacific,2024,296807,520,517,0,0,3,864
32900,"Merced, CA",CA,Pacific,2025,297260,780,697,80,10,3,-1165
33100,"Miami-Fort Lauderdale-West Palm Beach, FL",FL,Southeast,2021,6110225,25313,8316,16549,280,448,-21622
33100,"Miami-Fort Lauderdale-West Palm Beach, FL",FL,Southeast,2022,6233455,19721,6971,12327,294,423,120977
33100,"Miami-Fort Lauderdale-West Palm Beach, FL",FL,Southeast,2023,6353900,21320,5512,15227,395,581,108479
33100,"Miami-Fort Lauderdale-West Palm Beach, FL",FL,Southeast,2024,6399981,16352,5825,10005,254,522,34680
33100,"Miami-Fort Lauderdale-West Palm Beach, FL",FL,Southeast,2025,6391072,23453,5873,16699,263,881,-20274
33140,"Michigan City-La Porte, IN",IN,Midwest,2021,112404,138,136,0,0,2,346
33140,"Michigan City-La Porte, IN",IN,Midwest,2022,111617,322,124,195,4,3,-452
33140,"Michigan City-La Porte, IN",IN,Midwest,2023,111144,233,161,72,6,0,-180
33140,"Michigan City-La Porte, IN",IN,Midwest,2024,111349,296,221,75,11,0,519
33140,"Michigan City-La Porte, IN",IN,Midwest,2025,111294,291,204,87,13,0,261
33220,"Midland, MI",MI,Midwest,2021,83509,159,141,0,0,18,33
33220,"Midland, MI",MI,Midwest,2022,83721,130,108,0,0,22,453
33220,"Midland, MI",MI,Midwest,2023,83915,156,102,50,3,4,300
33220,"Midland, MI",MI,Midwest,2024,83768,314,104,204,6,6,-26
33220,"Midland, MI",MI,Midwest,2025,83754,128,114,0,0,14,113
33260,"Midland, TX",TX,Texas & South Central,2021,173885,872,872,0,0,0,-3385
33260,"Midland, TX",TX,Texas & South Central,2022,178222,594,594,0,0,0,2844
33260,"Midland, TX",TX,Texas & South Central,2023,183918,818,810,0,0,8,3891
33260,"Midland, TX",TX,Texas & South Central,2024,189362,1509,1505,0,0,4,3538
33260,"Midland, TX",TX,Texas & South Central,2025,193139,1322,1322,0,0,0,1825
33340,"Milwaukee-Waukesha, WI",WI,Midwest,2021,1563919,2929,1779,787,29,363,-11894
33340,"Milwaukee-Waukesha, WI",WI,Midwest,2022,1563459,3172,1563,1249,48,360,-845
33340,"Milwaukee-Waukesha, WI",WI,Midwest,2023,1567195,2844,1408,1154,44,282,1579
33340,"Milwaukee-Waukesha, WI",WI,Midwest,2024,1572498,4058,1712,2016,67,330,2967
33340,"Milwaukee-Waukesha, WI",WI,Midwest,2025,1575010,3105,1734,1132,21,239,271
33460,"Minneapolis-St. Paul-Bloomington, MN-WI",MN,Midwest,2021,3692614,26077,11734,13892,221,451,-14118
33460,"Minneapolis-St. Paul-Bloomington, MN-WI",MN,Midwest,2022,3700187,23725,9114,14225,227,386,-4371
33460,"Minneapolis-St. Paul-Bloomington, MN-WI",MN,Midwest,2023,3721774,18633,8245,10040,186,348,9083
33460,"Minneapolis-St. Paul-Bloomington, MN-WI",MN,Midwest,2024,3760895,14022,9300,4333,93,389,27183
33460,"Minneapolis-St. Paul-Bloomington, MN-WI",MN,Midwest,2025,3790295,14516,8868,5342,122,306,17050
33500,"Minot, ND",ND,Midwest,2024,75649,141,121,0,0,20,-478
33500,"Minot, ND",ND,Midwest,2025,75694,141,78,41,2,22,-396
33540,"Missoula, MT",MT,Mountain West,2021,124739,1798,436,1316,43,46,1795
33540,"Missoula, MT",MT,Mountain West,2022,125903,1078,347,696,49,35,1177
33540,"Missoula, MT",MT,Mountain West,2023,126641,656,309,323,14,24,711
33540,"Missoula, MT",MT,Mountain West,2024,127658,777,384,354,30,39,977
33540,"Missoula, MT",MT,Mountain West,2025,128698,889,426,387,13,76,951
33660,"Mobile, AL",AL,Southeast,2021,413299,1022,970,52,2,0,-1205
33660,"Mobile, AL",AL,Southeast,2022,411378,750,738,0,0,12,-1004
33660,"Mobile, AL",AL,Southeast,2023,411693,917,851,56,2,10,208
33660,"Mobile, AL",AL,Southeast,2024,412193,1715,1377,264,8,74,430
33660,"Mobile, AL",AL,Southeast,2025,411658,1102,986,102,19,14,-676
33700,"Modesto, CA",CA,Pacific,2021,553047,811,667,140,9,4,-2147
33700,"Modesto, CA",CA,Pacific,2022,552453,674,636,29,4,9,-2533
33700,"Modesto, CA",CA,Pacific,2023,554459,810,716,84,7,10,-105
33700,"Modesto, CA",CA,Pacific,2024,557372,902,833,63,8,6,869
33700,"Modesto, CA",CA,Pacific,2025,557719,1205,894,300,10,11,-1701
33740,"Monroe, LA",LA,Texas & South Central,2021,224813,620,436,127,20,57,-1423
33740,"Monroe, LA",LA,Texas & South Central,2022,222954,489,340,31,3,118,-1390
33740,"Monroe, LA",LA,Texas & South Central,2023,222777,417,294,78,5,45,-171
33740,"Monroe, LA",LA,Texas & South Central,2024,223095,416,409,0,0,7,291
33740,"Monroe, LA",LA,Texas & South Central,2025,222390,530,512,11,2,7,-748
33780,"Monroe, MI",MI,Midwest,2021,155587,265,221,36,3,8,894
33780,"Monroe, MI",MI,Midwest,2022,155376,266,203,59,10,4,315
33780,"Monroe, MI",MI,Midwest,2023,155563,258,180,52,10,26,491
33780,"Monroe, MI",MI,Midwest,2024,155870,237,219,6,1,12,798
33780,"Monroe, MI",MI,Midwest,2025,156004,191,177,0,0,14,636
33860,"Montgomery, AL",AL,Southeast,2021,384798,1014,993,0,0,21,-701
33860,"Montgomery, AL",AL,Southeast,2022,385722,797,793,0,0,4,802
33860,"Montgomery, AL",AL,Southeast,2023,386409,844,740,104,3,0,214
33860,"Montgomery, AL",AL,Southeast,2024,387933,790,751,37,4,2,1090
33860,"Montgomery, AL",AL,Southeast,2025,388747,1073,809,264,1,0,384
34060,"Morgantown, WV",WV,Southeast,2021,140856,21,21,0,0,0,623
34060,"Morgantown, WV",WV,Southeast,2022,141036,11,11,0,0,0,364
34060,"Morgantown, WV",WV,Southeast,2023,141509,17,17,0,0,0,560
34060,"Morgantown, WV",WV,Southeast,2024,141918,16,16,0,0,0,383
34060,"Morgantown, WV",WV,Southeast,2025,141995,30,30,0,0,0,31
34100,"Morristown, TN",TN,Southeast,2021,119925,993,909,72,8,12,1154
34100,"Morristown, TN",TN,Southeast,2022,121998,969,868,0,0,101,2675
34100,"Morristown, TN",TN,Southeast,2023,124431,832,685,32,1,115,2815
34100,"Morristown, TN",TN,Southeast,2024,127394,552,459,48,2,45,3285
34100,"Morristown, TN",TN,Southeast,2025,128867,589,544,0,0,45,1836
34580,"Mount Vernon-Anacortes, WA",WA,Pacific,2021,131013,914,332,534,15,48,1142
34580,"Mount Vernon-Anacortes, WA",WA,Pacific,2022,131116,579,261,267,13,51,337
34580,"Mount Vernon-Anacortes, WA",WA,Pacific,2023,131453,486,165,304,17,17,437
34580,"Mount Vernon-Anacortes, WA",WA,Pacific,2024,132250,547,265,259,16,23,885
34580,"Mount Vernon-Anacortes, WA",WA,Pacific,2025,132975,373,168,186,13,19,798
34620,"Muncie, IN",IN,Midwest,2021,112021,113,100,13,2,0,632
34620,"Muncie, IN",IN,Midwest,2022,112091,201,201,0,0,0,626
34620,"Muncie, IN",IN,Midwest,2023,112341,82,82,0,0,0,616
34620,"Muncie, IN",IN,Midwest,2024,112752,173,109,57,10,7,755
34620,"Muncie, IN",IN,Midwest,2025,113106,328,94,234,5,0,685
34740,"Muskegon-Norton Shores, MI",MI,Midwest,2021,175570,328,302,0,0,26,990
34740,"Muskegon-Norton Shores, MI",MI,Midwest,2022,175458,548,321,217,9,10,344
34740,"Muskegon-Norton Shores, MI",MI,Midwest,2023,176299,312,308,0,0,4,1103
34740,"Muskegon-Norton Shores, MI",MI,Midwest,2024,177225,423,308,115,2,0,1011
34740,"Muskegon-Norton Shores, MI",MI,Midwest,2025,177901,451,351,0,0,100,768
34820,"Myrtle Beach-Conway-North Myrtle Beach, SC",SC,Southeast,2021,366100,12219,11054,902,44,263,15379
34820,"Myrtle Beach-Conway-North Myrtle Beach, SC",SC,Southeast,2022,383626,12000,11519,411,27,70,18407
34820,"Myrtle Beach-Conway-North Myrtle Beach, SC",SC,Southeast,2023,398699,13176,11228,1789,88,159,16281
34820,"Myrtle Beach-Conway-North Myrtle Beach, SC",SC,Southeast,2024,414307,7331,7269,60,12,2,16945
34820,"Myrtle Beach-Conway-North Myrtle Beach, SC",SC,Southeast,2025,427551,6511,6418,77,15,16,15083
34900,"Napa, CA",CA,Pacific,2021,136266,1204,161,1039,9,4,-1152
34900,"Napa, CA",CA,Pacific,2022,134499,1100,220,872,13,8,-1626
34900,"Napa, CA",CA,Pacific,2023,133628,331,281,50,3,0,-816
34900,"Napa, CA",CA,Pacific,2024,133115,439,250,189,11,0,-483
34900,"Napa, CA",CA,Pacific,2025,132949,364,258,92,6,14,-167
34940,"Naples-Marco Island, FL",FL,Southeast,2021,387411,6766,4380,2203,73,183,11952
34940,"Naples-Marco Island, FL",FL,Southeast,2022,401486,5517,3519,1799,63,199,14695
34940,"Naples-Marco Island, FL",FL,Southeast,2023,411435,3618,2923,589,30,106,10840
34940,"Naples-Marco Island, FL",FL,Southeast,2024,416722,3524,2466,981,40,77,6136
34940,"Naples-Marco Island, FL",FL,Southeast,2025,417131,2736,1945,724,30,67,1095
34980,"Nashville-Davidson--Murfreesboro--Franklin, TN",TN,Southeast,2021,2034309,32191,17422,14478,308,291,9408
34980,"Nashville-Davidson--Murfreesboro--Franklin, TN",TN,Southeast,2022,2078824,28314,15383,12594,1136,337,37626
34980,"Nashville-Davidson--Murfreesboro--Franklin, TN",TN,Southeast,2023,2116786,23558,13842,9577,250,139,30086
34980,"Nashville-Davidson--Murfreesboro--Franklin, TN",TN,Southeast,2024,2162758,20038,14465,5410,98,163,37481
34980,"Nashville-Davidson--Murfreesboro--Franklin, TN",TN,Southeast,2025,2197416,19203,13267,5827,154,109,26313
35300,"New Haven, CT",CT,Northeast,2021,569020,983,497,446,22,40,4671
35300,"New Haven, CT",CT,Northeast,2022,569606,1346,484,787,35,75,1044
35300,"New Haven, CT",CT,Northeast,2023,572366,1934,423,1380,51,131,2722
35300,"New Haven, CT",CT,Northeast,2024,577538,1014,191,722,28,101,5254
35300,"New Haven, CT",CT,Northeast,2025,578741,1020,161,762,27,97,1064
35380,"New Orleans-Metairie, LA",LA,Texas & South Central,2021,993881,5282,4018,924,28,340,-12411
35380,"New Orleans-Metairie, LA",LA,Texas & South Central,2022,978983,3443,2934,100,4,409,-16102
35380,"New Orleans-Metairie, LA",LA,Texas & South Central,2023,972093,3072,1865,696,21,511,-8722
35380,"New Orleans-Metairie, LA",LA,Texas & South Central,2024,973384,1611,1007,268,8,336,252
35380,"New Orleans-Metairie, LA",LA,Texas & South Central,2025,970849,1694,922,318,3,454,-3130
35620,"New York-Newark-Jersey City, NY-NJ",NY,Northeast,2021,19704474,56661,12947,41258,1354,2456,-328564
35620,"New York-Newark-Jersey City, NY-NJ",NY,Northeast,2022,19629390,69753,12235,55181,1621,2337,-150075
35620,"New York-Newark-Jersey City, NY-NJ",NY,Northeast,2023,19788976,63030,11734,48561,1319,2735,87509
35620,"New York-Newark-Jersey City, NY-NJ",NY,Northeast,2024,20080087,57929,12530,42553,1136,2846,216523
35620,"New York-Newark-Jersey City, NY-NJ",NY,Northeast,2025,20112448,44444,10477,31550,990,2417,-41206
35660,"Niles, MI",MI,Midwest,2021,153609,331,325,6,1,0,-474
35660,"Niles, MI",MI,Midwest,2022,152991,286,259,5,1,22,28
35660,"Niles, MI",MI,Midwest,2023,152384,355,303,48,1,4,-61
35660,"Niles, MI",MI,Midwest,2024,152394,354,339,0,0,15,388
35660,"Niles, MI",MI,Midwest,2025,152444,372,255,73,2,44,350
35840,"North Port-Bradenton-Sarasota, FL",FL,Southeast,2021,862683,15924,12106,3504,112,314,32658
35840,"North Port-Bradenton-Sarasota, FL",FL,Southeast,2022,895487,15780,10987,4362,115,431,36420
35840,"North Port-Bradenton-Sarasota, FL",FL,Southeast,2023,917527,15928,10495,5238,159,195,26409
35840,"North Port-Bradenton-Sarasota, FL",FL,Southeast,2024,934945,14938,10889,3920,79,129,21754
35840,"North Port-Bradenton-Sarasota, FL",FL,Southeast,2025,948158,17642,11297,5857,153,488,17552
35980,"Norwich-New London-Willimantic, CT",CT,Northeast,2021,279596,456,403,31,3,22,1642
35980,"Norwich-New London-Willimantic, CT",CT,Northeast,2022,279495,445,379,52,4,14,480
35980,"Norwich-New London-Willimantic, CT",CT,Northeast,2023,280776,352,223,123,1,6,1591
35980,"Norwich-New London-Willimantic, CT",CT,Northeast,2024,283171,509,261,242,9,6,2594
35980,"Norwich-New London-Willimantic, CT",CT,Northeast,2025,284015,440,285,112,6,43,1000
36100,"Ocala, FL",FL,Southeast,2021,385203,6229,5641,576,21,12,11563
36100,"Ocala, FL",FL,Southeast,2022,397075,6489,5318,1167,43,4,14464
36100,"Ocala, FL",FL,Southeast,2023,412300,5197,5023,96,4,78,17408
36100,"Ocala, FL",FL,Southeast,2024,427995,6729,6067,534,22,128,18040
36100,"Ocala, FL",FL,Southeast,2025,442660,5985,5420,379,16,186,17301
36220,"Odessa, TX",TX,Texas & South Central,2021,160898,1406,1373,31,1,2,-5259
36220,"Odessa, TX",TX,Texas & South Central,2022,161879,888,888,0,0,0,-302
36220,"Odessa, TX",TX,Texas & South Central,2023,165946,690,690,0,0,0,2447
36220,"Odessa, TX",TX,Texas & South Central,2024,170654,1004,1004,0,0,0,2983
36220,"Odessa, TX",TX,Texas & South Central,2025,173801,921,921,0,0,0,1360
36260,"Ogden, UT",UT,Mountain West,2021,646856,7482,4205,3125,109,152,3257
36260,"Ogden, UT",UT,Mountain West,2022,653184,5027,2972,1891,101,164,2672
36260,"Ogden, UT",UT,Mountain West,2023,660366,3400,1871,1371,97,158,3345
36260,"Ogden, UT",UT,Mountain West,2024,667789,3294,2096,1058,72,140,3397
36260,"Ogden, UT",UT,Mountain West,2025,672784,3599,1746,1656,90,197,639
36420,"Oklahoma City, OK",OK,Texas & South Central,2021,1444349,8080,7637,171,9,272,11822
36420,"Oklahoma City, OK",OK,Texas & South Central,2022,1462720,7048,5951,437,20,660,16336
36420,"Oklahoma City, OK",OK,Texas & South Central,2023,1481123,6736,5573,407,37,756,14235
36420,"Oklahoma City, OK",OK,Texas & South Central,2024,1499068,7707,6014,1260,61,433,14004
36420,"Oklahoma City, OK",OK,Texas & South Central,2025,1512813,8576,6497,1334,106,745,10035
36500,"Olympia-Lacey-Tumwater, WA",WA,Pacific,2021,298313,2054,752,1220,64,82,1661
36500,"Olympia-Lacey-Tumwater, WA",WA,Pacific,2022,298556,1538,584,913,55,41,521
36500,"Olympia-Lacey-Tumwater, WA",WA,Pacific,2023,299197,1512,816,667,25,29,691
36500,"Olympia-Lacey-Tumwater, WA",WA,Pacific,2024,302132,1222,672,508,18,42,2835
36500,"Olympia-Lacey-Tumwater, WA",WA,Pacific,2025,304261,1669,743,908,38,18,2040
36540,"Omaha, NE-IA",NE,Midwest,2021,973018,6382,3677,2588,99,117,-276
36540,"Omaha, NE-IA",NE,Midwest,2022,978383,6120,2651,3122,114,347,1920
36540,"Omaha, NE-IA",NE,Midwest,2023,988504,4719,2763,1892,84,64,5990
36540,"Omaha, NE-IA",NE,Midwest,2024,1000266,7197,3505,3543,159,149,7820
36540,"Omaha, NE-IA",NE,Midwest,2025,1009836,6377,3360,2816,144,201,5404
36740,"Orlando-Kissimmee-Sanford, FL",FL,Southeast,2021,2699589,30618,17795,12454,278,369,15188
36740,"Orlando-Kissimmee-Sanford, FL",FL,Southeast,2022,2786534,28683,16213,12114,324,356,80695
36740,"Orlando-Kissimmee-Sanford, FL",FL,Southeast,2023,2863651,25415,17049,8220,183,146,68671
36740,"Orlando-Kissimmee-Sanford, FL",FL,Southeast,2024,2919982,24135,15364,8512,219,259,47799
36740,"Orlando-Kissimmee-Sanford, FL",FL,Southeast,2025,2957672,27845,14198,13463,285,184,29000
36780,"Oshkosh-Neenah, WI",WI,Midwest,2021,170651,948,347,555,39,46,-1146
36780,"Oshkosh-Neenah, WI",WI,Midwest,2022,170984,459,325,102,7,32,624
36780,"Oshkosh-Neenah, WI",WI,Midwest,2023,172118,432,230,186,14,16,1119
36780,"Oshkosh-Neenah, WI",WI,Midwest,2024,173294,656,293,333,16,30,1155
36780,"Oshkosh-Neenah, WI",WI,Midwest,2025,174218,682,283,387,21,12,896
36980,"Owensboro, KY",KY,Southeast,2021,112225,398,398,0,0,0,-227
36980,"Owensboro, KY",KY,Southeast,2022,112466,247,219,5,1,23,346
36980,"Owensboro, KY",KY,Southeast,2023,112834,294,195,97,12,2,414
36980,"Owensboro, KY",KY,Southeast,2024,113356,230,198,6,1,26,517
36980,"Owensboro, KY",KY,Southeast,2025,113962,255,183,64,4,8,515
37100,"Oxnard-Thousand Oaks-Ventura, CA",CA,Pacific,2021,839956,1477,686,709,30,82,-5186
37100,"Oxnard-Thousand Oaks-Ventura, CA",CA,Pacific,2022,834675,1368,474,847,39,47,-7366
37100,"Oxnard-Thousand Oaks-Ventura, CA",CA,Pacific,2023,832071,1163,400,672,30,91,-4375
37100,"Oxnard-Thousand Oaks-Ventura, CA",CA,Pacific,2024,833431,1648,499,1119,37,30,-463
37100,"Oxnard-Thousand Oaks-Ventura, CA",CA,Pacific,2025,830851,1609,540,1042,30,27,-4387
37140,"Paducah, KY-IL",KY,Southeast,2024,102567,195,79,104,13,12,448
37140,"Paducah, KY-IL",KY,Southeast,2025,102259,178,96,44,7,38,110
37340,"Palm Bay-Melbourne-Titusville, FL",FL,Southeast,2021,618088,5174,4451,693,21,30,13699
37340,"Palm Bay-Melbourne-Titusville, FL",FL,Southeast,2022,631833,5258,4255,965,25,38,17162
37340,"Palm Bay-Melbourne-Titusville, FL",FL,Southeast,2023,646015,6537,4891,1551,54,95,16933
37340,"Palm Bay-Melbourne-Titusville, FL",FL,Southeast,2024,656254,4603,3889,702,18,12,13217
37340,"Palm Bay-Melbourne-Titusville, FL",FL,Southeast,2025,663982,4624,3376,1230,23,18,10630
37460,"Panama City-Panama City Beach, FL",FL,Southeast,2021,204406,2610,1520,1065,50,25,5312
37460,"Panama City-Panama City Beach, FL",FL,Southeast,2022,211491,2288,2104,159,13,25,7270
37460,"Panama City-Panama City Beach, FL",FL,Southeast,2023,218454,2322,1814,477,44,31,6837
37460,"Panama City-Panama City Beach, FL",FL,Southeast,2024,226600,2690,2103,559,43,28,7974
37460,"Panama City-Panama City Beach, FL",FL,Southeast,2025,231174,2295,1908,344,32,43,4388
37620,"Parkersburg-Vienna, WV",WV,Southeast,2021,88908,109,107,0,0,2,-35
37620,"Parkersburg-Vienna, WV",WV,Southeast,2022,88472,66,66,0,0,0,229
37620,"Parkersburg-Vienna, WV",WV,Southeast,2023,87981,96,96,0,0,0,-80
37620,"Parkersburg-Vienna, WV",WV,Southeast,2024,87558,138,105,33,1,0,-2
37620,"Parkersburg-Vienna, WV",WV,Southeast,2025,87264,99,93,0,0,6,82
37860,"Pensacola-Ferry Pass-Brent, FL",FL,Southeast,2021,517649,4051,3101,247,13,703,7022
37860,"Pensacola-Ferry Pass-Brent, FL",FL,Southeast,2022,523504,3519,3343,162,4,14,6749
37860,"Pensacola-Ferry Pass-Brent, FL",FL,Southeast,2023,532460,2823,2797,5,1,21,9066
37860,"Pensacola-Ferry Pass-Brent, FL",FL,Southeast,2024,539843,3445,3297,128,16,20,7530
37860,"Pensacola-Ferry Pass-Brent, FL",FL,Southeast,2025,544949,3327,3295,32,1,0,5131
37900,"Peoria, IL",IL,Midwest,2021,365926,379,219,150,8,10,-1829
37900,"Peoria, IL",IL,Midwest,2022,363317,290,168,120,10,2,-1871
37900,"Peoria, IL",IL,Midwest,2023,363364,210,184,22,1,4,360
37900,"Peoria, IL",IL,Midwest,2024,363561,230,190,27,1,13,463
37900,"Peoria, IL",IL,Midwest,2025,363505,234,191,17,2,26,211
37980,"Philadelphia-Camden-Wilmington, PA-NJ-DE-MD",PA,Northeast,2021,6255303,36307,8868,25427,676,2012,7327
37980,"Philadelphia-Camden-Wilmington, PA-NJ-DE-MD",PA,Northeast,2022,6254276,14371,8534,4891,277,946,-4203
37980,"Philadelphia-Camden-Wilmington, PA-NJ-DE-MD",PA,Northeast,2023,6277370,12019,6255,5126,233,638,16686
37980,"Philadelphia-Camden-Wilmington, PA-NJ-DE-MD",PA,Northeast,2024,6313158,14214,8324,5044,257,846,28550
37980,"Philadelphia-Camden-Wilmington, PA-NJ-DE-MD",PA,Northeast,2025,6329118,12900,7256,4935,275,709,8380
38060,"Phoenix-Mesa-Chandler, AZ",AZ,Mountain West,2021,4949187,50581,34347,14884,598,1350,69095
38060,"Phoenix-Mesa-Chandler, AZ",AZ,Mountain West,2022,5025111,47804,26797,19242,563,1765,67013
38060,"Phoenix-Mesa-Chandler, AZ",AZ,Mountain West,2023,5087631,45616,24708,19036,542,1872,49921
38060,"Phoenix-Mesa-Chandler, AZ",AZ,Mountain West,2024,5169873,45884,30277,13835,379,1772,68027
38060,"Phoenix-Mesa-Chandler, AZ",AZ,Mountain West,2025,5228938,39699,23755,14800,407,1144,45546
38240,"Pinehurst-Southern Pines, NC",NC,Southeast,2024,108383,942,942,0,0,0,1612
38240,"Pinehurst-Southern Pines, NC",NC,Southeast,2025,110619,1077,1043,0,0,34,2413
38300,"Pittsburgh, PA",PA,Northeast,2021,2450852,5223,3891,1046,42,286,4623
38300,"Pittsburgh, PA",PA,Northeast,2022,2433371,5867,3101,2564,53,202,-5686
38300,"Pittsburgh, PA",PA,Northeast,2023,2428225,6294,3332,2831,51,131,3030
38300,"Pittsburgh, PA",PA,Northeast,2024,2425152,5412,3530,1749,45,133,4549
38300,"Pittsburgh, PA",PA,Northeast,2025,2421992,5797,3452,2218,48,127,4553
38340,"Pittsfield, MA",MA,Northeast,2021,130225,193,116,57,4,20,1141
38340,"Pittsfield, MA",MA,Northeast,2022,129592,126,112,0,0,14,281
38340,"Pittsfield, MA",MA,Northeast,2023,129026,145,107,30,1,8,269
38340,"Pittsfield, MA",MA,Northeast,2024,129049,127,108,10,2,9,885
38340,"Pittsfield, MA",MA,Northeast,2025,128224,149,93,50,1,6,-15
38540,"Pocatello, ID",ID,Mountain West,2021,88605,510,383,0,0,127,1076
38540,"Pocatello, ID",ID,Mountain West,2022,89855,542,284,121,5,137,1161
38540,"Pocatello, ID",ID,Mountain West,2023,90538,348,261,23,4,64,549
38540,"Pocatello, ID",ID,Mountain West,2024,90969,323,277,6,1,40,193
38540,"Pocatello, ID",ID,Mountain West,2025,91591,592,297,96,7,199,344
38860,"Portland-South Portland, ME",ME,Northeast,2021,558391,3712,2634,856,48,222,6671
38860,"Portland-South Portland, ME",ME,Northeast,2022,564331,3762,2120,1482,54,160,6972
38860,"Portland-South Portland, ME",ME,Northeast,2023,569060,3072,1905,949,61,218,5673
38860,"Portland-South Portland, ME",ME,Northeast,2024,573465,2978,1934,814,64,230,5429
38860,"Portland-South Portland, ME",ME,Northeast,2025,577635,3487,1945,1383,66,159,5074
38900,"Portland-Vancouver-Hillsboro, OR-WA",OR,Pacific,2021,2517451,15023,8008,6547,169,468,-4371
38900,"Portland-Vancouver-Hillsboro, OR-WA",OR,Pacific,2022,2509813,12978,6029,6754,207,195,-9594
38900,"Portland-Vancouver-Hillsboro, OR-WA",OR,Pacific,2023,2519045,11382,6326,4804,169,252,7349
38900,"Portland-Vancouver-Hillsboro, OR-WA",OR,Pacific,2024,2531245,9453,6345,2913,97,195,9160
38900,"Portland-Vancouver-Hillsboro, OR-WA",OR,Pacific,2025,2542282,8318,6133,1995,58,190,7645
38940,"Port St. Lucie, FL",FL,Southeast,2021,504627,8403,6447,1703,93,253,17853
38940,"Port St. Lucie, FL",FL,Southeast,2022,523078,7804,5043,2312,125,449,19544
38940,"Port St. Lucie, FL",FL,Southeast,2023,541816,6137,5405,506,58,226,19573
38940,"Port St. Lucie, FL",FL,Southeast,2024,556794,5515,5095,378,16,42,16274
38940,"Port St. Lucie, FL",FL,Southeast,2025,568721,4853,4311,442,35,100,13350
39150,"Prescott Valley-Prescott, AZ",AZ,Mountain West,2021,242454,2481,1905,466,27,110,7984
39150,"Prescott Valley-Prescott, AZ",AZ,Mountain West,2022,246237,2366,1745,481,8,140,5792
39150,"Prescott Valley-Prescott, AZ",AZ,Mountain West,2023,249100,1567,1218,277,10,72,4709
39150,"Prescott Valley-Prescott, AZ",AZ,Mountain West,2024,251196,2068,1836,98,11,134,3946
39150,"Prescott Valley-Prescott, AZ",AZ,Mountain West,2025,252552,1718,1347,304,8,67,3353
39300,"Providence-Warwick, RI-MA",RI,Northeast,2021,1677080,2258,1788,192,13,278,4973
39300,"Providence-Warwick, RI-MA",RI,Northeast,2022,1679873,2123,1560,257,17,306,4727
39300,"Providence-Warwick, RI-MA",RI,Northeast,2023,1687365,1930,1255,438,23,237,8614
39300,"Providence-Warwick, RI-MA",RI,Northeast,2024,1701280,2620,1339,818,25,463,14704
39300,"Providence-Warwick, RI-MA",RI,Northeast,2025,1708161,2894,1169,1180,33,545,7261
39340,"Provo-Orem-Lehi, UT",UT,Mountain West,2021,698249,11175,7562,3265,234,348,14360
39340,"Provo-Orem-Lehi, UT",UT,Mountain West,2022,717814,8287,5153,2824,145,310,10895
39340,"Provo-Orem-Lehi, UT",UT,Mountain West,2023,739116,6181,4663,1346,78,172,12096
39340,"Provo-Orem-Lehi, UT",UT,Mountain West,2024,758992,6428,5246,1047,113,135,10648
39340,"Provo-Orem-Lehi, UT",UT,Mountain West,2025,773426,7304,5395,1695,146,214,5043
39380,"Pueblo, CO",CO,Mountain West,2021,169383,742,742,0,0,0,1688
39380,"Pueblo, CO",CO,Mountain West,2022,169540,497,497,0,0,0,1029
39380,"Pueblo, CO",CO,Mountain West,2023,169878,297,297,0,0,0,791
39380,"Pueblo, CO",CO,Mountain West,2024,170162,269,269,0,0,0,670
39380,"Pueblo, CO",CO,Mountain West,2025,169277,226,226,0,0,0,-535
39460,"Punta Gorda, FL",FL,Southeast,2021,195048,4830,3435,1017,37,378,9978
39460,"Punta Gorda, FL",FL,Southeast,2022,203116,5676,4637,596,27,443,9715
39460,"Punta Gorda, FL",FL,Southeast,2023,206814,4429,3804,230,18,395,5844
39460,"Punta Gorda, FL",FL,Southeast,2024,211456,4585,3583,703,27,299,6699
39460,"Punta Gorda, FL",FL,Southeast,2025,217212,3015,2571,214,12,230,7916
39540,"Racine-Mount Pleasant, WI",WI,Midwest,2021,196863,245,159,60,3,26,-1132
39540,"Racine-Mount Pleasant, WI",WI,Midwest,2022,196642,163,145,0,0,18,85
39540,"Racine-Mount Pleasant, WI",WI,Midwest,2023,197390,524,156,362,7,6,763
39540,"Racine-Mount Pleasant, WI",WI,Midwest,2024,198441,277,163,60,5,54,1115
39540,"Racine-Mount Pleasant, WI",WI,Midwest,2025,198919,667,232,363,19,72,526
39580,"Raleigh-Cary, NC",NC,Southeast,2021,1451713,21649,14227,7368,138,54,28560
39580,"Raleigh-Cary, NC",NC,Southeast,2022,1481995,22390,12488,9846,191,56,23489
39580,"Raleigh-Cary, NC",NC,Southeast,2023,1519679,20619,12147,8387,169,85,30083
39580,"Raleigh-Cary, NC",NC,Southeast,2024,1558927,18979,13343,5574,91,62,31656
39580,"Raleigh-Cary, NC",NC,Southeast,2025,1595720,17543,11760,5542,117,241,29363
39660,"Rapid City, SD",SD,Midwest,2021,150866,1562,684,838,35,40,2973
39660,"Rapid City, SD",SD,Midwest,2022,153982,1645,620,997,30,28,2730
39660,"Rapid City, SD",SD,Midwest,2023,155898,1574,511,977,38,86,1535
39660,"Rapid City, SD",SD,Midwest,2024,156511,1553,786,735,28,32,383
39660,"Rapid City, SD",SD,Midwest,2025,156934,958,860,80,7,18,227
39740,"Reading, PA",PA,Northeast,2021,429671,493,375,108,10,10,923
39740,"Reading, PA",PA,Northeast,2022,432214,386,372,8,1,6,2768
39740,"Reading, PA",PA,Northeast,2023,435061,352,231,105,5,16,2695
39740,"Reading, PA",PA,Northeast,2024,438379,397,214,165,7,18,3027
39740,"Reading, PA",PA,Northeast,2025,440072,582,335,179,7,68,1352
39820,"Redding, CA",CA,Pacific,2021,182323,368,320,48,2,0,820
39820,"Redding, CA",CA,Pacific,2022,180957,375,375,0,0,0,-289
39820,"Redding, CA",CA,Pacific,2023,180695,208,208,0,0,0,422
39820,"Redding, CA",CA,Pacific,2024,181392,246,246,0,0,0,1190
39820,"Redding, CA",CA,Pacific,2025,181648,254,249,5,1,0,749
39900,"Reno, NV",NV,Mountain West,2021,559593,5337,2717,2472,132,148,8585
39900,"Reno, NV",NV,Mountain West,2022,562238,5812,2184,3443,195,185,3248
39900,"Reno, NV",NV,Mountain West,2023,566460,4271,1992,2096,117,183,4173
39900,"Reno, NV",NV,Mountain West,2024,573341,4391,2474,1714,103,203,6764
39900,"Reno, NV",NV,Mountain West,2025,578734,2951,1914,965,61,72,5232
40060,"Richmond, VA",VA,Southeast,2021,1326763,9547,5946,3154,60,447,9073
40060,"Richmond, VA",VA,Southeast,2022,1340131,10414,4503,5766,186,145,12328
40060,"Richmond, VA",VA,Southeast,2023,1354817,9973,4590,5151,77,232,12862
40060,"Richmond, VA",VA,Southeast,2024,1374727,8642,5023,3408,63,211,17983
40060,"Richmond, VA",VA,Southeast,2025,1389338,9091,4399,4372,84,320,12930
40140,"Riverside-San Bernardino-Ontario, CA",CA,Pacific,2021,4644896,15606,11962,3058,230,586,26945
40140,"Riverside-San Bernardino-Ontario, CA",CA,Pacific,2022,4675606,16747,12467,3657,253,623,18496
40140,"Riverside-San Bernardino-Ontario, CA",CA,Pacific,2023,4707448,20268,12463,7348,606,457,16424
40140,"Riverside-San Bernardino-Ontario, CA",CA,Pacific,2024,4747876,15824,11633,3728,201,463,24457
40140,"Riverside-San Bernardino-Ontario, CA",CA,Pacific,2025,4769007,15937,9977,5415,287,545,4829
40220,"Roanoke, VA",VA,Southeast,2021,314857,869,509,360,2,0,794
40220,"Roanoke, VA",VA,Southeast,2022,314479,771,452,315,9,4,1123
40220,"Roanoke, VA",VA,Southeast,2023,314970,621,490,119,2,12,1782
40220,"Roanoke, VA",VA,Southeast,2024,316291,1053,541,486,12,26,2471
40220,"Roanoke, VA",VA,Southeast,2025,316547,877,555,316,8,6,1379
40340,"Rochester, MN",MN,Midwest,2021,227527,1135,721,402,5,12,-27
40340,"Rochester, MN",MN,Midwest,2022,228069,1723,643,1019,16,61,-66
40340,"Rochester, MN",MN,Midwest,2023,229143,1174,604,559,7,11,425
40340,"Rochester, MN",MN,Midwest,2024,230100,1484,491,973,29,20,315
40340,"Rochester, MN",MN,Midwest,2025,231184,734,483,241,10,10,371
40380,"Rochester, NY",NY,Northeast,2021,1059896,1774,1180,453,44,141,-3363
40380,"Rochester, NY",NY,Northeast,2022,1054673,2653,1151,1272,57,230,-3734
40380,"Rochester, NY",NY,Northeast,2023,1052803,1723,906,642,52,175,-976
40380,"Rochester, NY",NY,Northeast,2024,1055265,1801,917,724,60,160,3275
40380,"Rochester, NY",NY,Northeast,2025,1056149,1750,1251,404,50,95,1472
40420,"Rockford, IL",IL,Midwest,2021,336624,280,254,8,1,18,-1522
40420,"Rockford, IL",IL,Midwest,2022,334863,318,289,0,0,29,-1393
40420,"Rockford, IL",IL,Midwest,2023,335084,200,179,0,0,21,251
40420,"Rockford, IL",IL,Midwest,2024,336491,336,292,0,0,44,1437
40420,"Rockford, IL",IL,Midwest,2025,337242,377,363,0,0,14,747
40580,"Rocky Mount, NC",NC,Southeast,2021,144053,640,640,0,0,0,113
40580,"Rocky Mount, NC",NC,Southeast,2022,144834,427,427,0,0,0,1115
40580,"Rocky Mount, NC",NC,Southeast,2023,146278,614,584,30,3,0,1711
40580,"Rocky Mount, NC",NC,Southeast,2024,147856,550,545,5,1,0,1916
40580,"Rocky Mount, NC",NC,Southeast,2025,148486,536,534,0,0,2,946
40660,"Rome, GA",GA,Southeast,2021,98440,204,204,0,0,0,100
40660,"Rome, GA",GA,Southeast,2022,99425,310,310,0,0,0,1290
40660,"Rome, GA",GA,Southeast,2023,100193,327,327,0,0,0,918
40660,"Rome, GA",GA,Southeast,2024,101198,355,355,0,0,0,1104
40660,"Rome, GA",GA,Southeast,2025,101378,330,330,0,0,0,279
40900,"Sacramento-Roseville-Folsom, CA",CA,Pacific,2021,2409135,12434,9390,2856,89,188,2722
40900,"Sacramento-Roseville-Folsom, CA",CA,Pacific,2022,2422944,10800,8170,2327,74,303,9623
40900,"Sacramento-Roseville-Folsom, CA",CA,Pacific,2023,2435884,11941,7931,3809,156,201,8356
40900,"Sacramento-Roseville-Folsom, CA",CA,Pacific,2024,2459807,11613,8579,2701,83,333,19503
40900,"Sacramento-Roseville-Folsom, CA",CA,Pacific,2025,2477274,10689,7716,2550,68,423,12863
40980,"Saginaw, MI",MI,Midwest,2021,189479,195,180,0,0,15,255
40980,"Saginaw, MI",MI,Midwest,2022,188392,175,143,20,1,12,-394
40980,"Saginaw, MI",MI,Midwest,2023,187758,190,138,0,0,52,-123
40980,"Saginaw, MI",MI,Midwest,2024,187762,141,121,0,0,20,412
40980,"Saginaw, MI",MI,Midwest,2025,187688,210,141,41,1,28,297
41060,"St. Cloud, MN",MN,Midwest,2021,200657,624,525,49,1,50,91
41060,"St. Cloud, MN",MN,Midwest,2022,201652,696,431,265,4,0,279
41060,"St. Cloud, MN",MN,Midwest,2023,203385,681,427,244,8,10,862
41060,"St. Cloud, MN",MN,Midwest,2024,204882,654,431,210,2,13,644
41060,"St. Cloud, MN",MN,Midwest,2025,205854,787,434,329,5,24,57
41100,"St. George, UT",UT,Mountain West,2021,191519,3484,3218,194,25,72,9687
41100,"St. George, UT",UT,Mountain West,2022,197936,3196,2486,670,51,40,5852
41100,"St. George, UT",UT,Mountain West,2023,202953,2820,2134,638,32,48,4278
41100,"St. George, UT",UT,Mountain West,2024,208431,3152,2467,650,34,35,4909
41100,"St. George, UT",UT,Mountain West,2025,213670,2857,2497,326,20,34,4770
41140,"St. Joseph, MO-KS",MO,Midwest,2021,120827,108,100,0,0,8,-572
41140,"St. Joseph, MO-KS",MO,Midwest,2022,119823,95,87,0,0,8,-777
41140,"St. Joseph, MO-KS",MO,Midwest,2023,118810,97,75,20,3,2,-898
41140,"St. Joseph, MO-KS",MO,Midwest,2024,119189,81,81,0,0,0,532
41140,"St. Joseph, MO-KS",MO,Midwest,2025,119170,59,57,0,0,2,132
41180,"St. Louis, MO-IL",MO,Midwest,2021,2814042,8326,5716,2435,104,175,-3703
41180,"St. Louis, MO-IL",MO,Midwest,2022,2803083,9130,4742,4202,137,186,-8418
41180,"St. Louis, MO-IL",MO,Midwest,2023,2804698,7107,4599,2282,92,226,3212
41180,"St. Louis, MO-IL",MO,Midwest,2024,2811394,7017,4653,2017,101,347,8216
41180,"St. Louis, MO-IL",MO,Midwest,2025,2814421,6066,4142,1523,101,401,5336
41420,"Salem, OR",OR,Pacific,2021,437323,2154,1368,759,58,27,2114
41420,"Salem, OR",OR,Pacific,2022,438287,2817,874,1873,116,70,929
41420,"Salem, OR",OR,Pacific,2023,440104,1966,826,1054,83,86,1515
41420,"Salem, OR",OR,Pacific,2024,443423,1859,994,797,55,68,2859
41420,"Salem, OR",OR,Pacific,2025,445814,1426,873,496,31,57,1874
41500,"Salinas, CA",CA,Pacific,2021,439062,882,503,353,18,26,-3580
41500,"Salinas, CA",CA,Pacific,2022,435884,1086,611,394,19,81,-6195
41500,"Salinas, CA",CA,Pacific,2023,434107,617,459,150,8,8,-4427
41500,"Salinas, CA",CA,Pacific,2024,433447,677,512,159,14,6,-3213
41500,"Salinas, CA",CA,Pacific,2025,433729,775,663,96,5,16,-2176
41540,"Salisbury, MD",MD,Southeast,2021,128168,5552,4983,290,19,279,101
41540,"Salisbury, MD",MD,Southeast,2022,129235,4919,4235,460,24,224,1032
41540,"Salisbury, MD",MD,Southeast,2023,130620,4894,4177,607,42,110,1146
41540,"Salisbury, MD",MD,Southeast,2024,131392,326,280,44,8,2,634
41540,"Salisbury, MD",MD,Southeast,2025,131872,205,164,33,5,8,321
41620,"Salt Lake City-Murray, UT",UT,Mountain West,2021,1263430,11642,5338,5851,124,453,-5028
41620,"Salt Lake City-Murray, UT",UT,Mountain West,2022,1274775,10102,3992,5932,127,178,4581
41620,"Salt Lake City-Murray, UT",UT,Mountain West,2023,1287775,9235,3163,5682,176,390,5544
41620,"Salt Lake City-Murray, UT",UT,Mountain West,2024,1302282,5447,3525,1666,68,256,7157
41620,"Salt Lake City-Murray, UT",UT,Mountain West,2025,1308377,7702,3015,4471,89,216,-1596
41660,"San Angelo, TX",TX,Texas & South Central,2021,120810,333,333,0,0,0,-838
41660,"San Angelo, TX",TX,Texas & South Central,2022,120517,322,322,0,0,0,-343
41660,"San Angelo, TX",TX,Texas & South Central,2023,120879,252,252,0,0,0,90
41660,"San Angelo, TX",TX,Texas & South Central,2024,121716,233,231,0,0,2,536
41660,"San Angelo, TX",TX,Texas & South Central,2025,122065,335,333,0,0,2,30
41700,"San Antonio-New Braunfels, TX",TX,Texas & South Central,2021,2605822,22264,13945,8076,314,243,30214
41700,"San Antonio-New Braunfels, TX",TX,Texas & South Central,2022,2661946,24336,10223,13738,433,375,47112
41700,"San Antonio-New Braunfels, TX",TX,Texas & South Central,2023,2719892,16485,8718,7248,260,519,45965
41700,"San Antonio-New Braunfels, TX",TX,Texas & South Central,2024,2774738,14857,10999,3803,197,55,43595
41700,"San Antonio-New Braunfels, TX",TX,Texas & South Central,2025,2813140,10546,8651,1846,127,49,27316
41740,"San Diego-Chula Vista-Carlsbad, CA",CA,Pacific,2021,3272601,10048,3227,6399,214,422,-38001
41740,"San Diego-Chula Vista-Carlsbad, CA",CA,Pacific,2022,3279089,9346,3517,5341,247,488,-3490
41740,"San Diego-Chula Vista-Carlsbad, CA",CA,Pacific,2023,3279736,11469,3049,7952,260,468,-11452
41740,"San Diego-Chula Vista-Carlsbad, CA",CA,Pacific,2024,3287542,11572,3377,7248,319,947,-4566
41740,"San Diego-Chula Vista-Carlsbad, CA",CA,Pacific,2025,3282248,11707,3506,7311,211,890,-17744
41780,"Sandusky, OH",OH,Midwest,2024,113374,239,229,0,0,10,419
41780,"Sandusky, OH",OH,Midwest,2025,112777,325,306,13,2,6,17
41860,"San Francisco-Oakland-Fremont, CA",CA,Pacific,2021,4623626,13606,4301,8964,266,341,-124106
41860,"San Francisco-Oakland-Fremont, CA",CA,Pacific,2022,4595850,11180,3376,7566,168,238,-41814
41860,"San Francisco-Oakland-Fremont, CA",CA,Pacific,2023,4601326,7530,3015,4352,144,163,-5736
41860,"San Francisco-Oakland-Fremont, CA",CA,Pacific,2024,4623434,5914,2776,2990,97,148,10434
41860,"San Francisco-Oakland-Fremont, CA",CA,Pacific,2025,4630041,7750,2713,4884,93,153,-4846
41940,"San Jose-Sunnyvale-Santa Clara, CA",CA,Pacific,2021,1949222,4529,2400,2087,49,42,-50133
41940,"San Jose-Sunnyvale-Santa Clara, CA",CA,Pacific,2022,1947825,9428,3928,5472,116,28,-10723
41940,"San Jose-Sunnyvale-Santa Clara, CA",CA,Pacific,2023,1958644,6227,2037,4131,70,59,2689
41940,"San Jose-Sunnyvale-Santa Clara, CA",CA,Pacific,2024,1976995,4115,2207,1874,40,34,10124
41940,"San Jose-Sunnyvale-Santa Clara, CA",CA,Pacific,2025,1984473,5570,2042,3483,68,45,-457
42020,"San Luis Obispo-Paso Robles, CA",CA,Pacific,2021,279839,1120,678,360,30,82,-2199
42020,"San Luis Obispo-Paso Robles, CA",CA,Pacific,2022,282747,1111,634,419,27,58,2982
42020,"San Luis Obispo-Paso Robles, CA",CA,Pacific,2023,282225,962,589,369,13,4,-218
42020,"San Luis Obispo-Paso Robles, CA",CA,Pacific,2024,282153,1104,821,273,17,10,110
42020,"San Luis Obispo-Paso Robles, CA",CA,Pacific,2025,282367,663,642,7,1,14,367
42100,"Santa Cruz-Watsonville, CA",CA,Pacific,2021,261109,598,304,283,2,11,-9894
42100,"Santa Cruz-Watsonville, CA",CA,Pacific,2022,265786,608,403,200,17,5,3937
42100,"Santa Cruz-Watsonville, CA",CA,Pacific,2023,263322,540,242,278,9,20,-2743
42100,"Santa Cruz-Watsonville, CA",CA,Pacific,2024,261417,259,189,61,7,9,-2084
42100,"Santa Cruz-Watsonville, CA",CA,Pacific,2025,258852,470,163,303,4,4,-2630
42140,"Santa Fe, NM",NM,Mountain West,2021,155503,840,228,612,38,0,815
42140,"Santa Fe, NM",NM,Mountain West,2022,155789,590,177,399,14,14,808
42140,"Santa Fe, NM",NM,Mountain West,2023,156379,926,264,662,34,0,1069
42140,"Santa Fe, NM",NM,Mountain West,2024,157320,244,244,0,0,0,1419
42140,"Santa Fe, NM",NM,Mountain West,2025,156907,495,251,244,6,0,105
42200,"Santa Maria-Santa Barbara, CA",CA,Pacific,2021,437529,1152,534,575,6,43,-11540
42200,"Santa Maria-Santa Barbara, CA",CA,Pacific,2022,445401,1096,376,689,25,31,5396
42200,"Santa Maria-Santa Barbara, CA",CA,Pacific,2023,442878,471,360,80,4,31,-4686
42200,"Santa Maria-Santa Barbara, CA",CA,Pacific,2024,443081,750,481,249,11,20,-1931
42200,"Santa Maria-Santa Barbara, CA",CA,Pacific,2025,442065,1371,433,936,47,2,-3156
42220,"Santa Rosa-Petaluma, CA",CA,Pacific,2021,484827,2618,1227,1348,49,43,-3665
42220,"Santa Rosa-Petaluma, CA",CA,Pacific,2022,483236,2264,954,1299,57,11,-1294
42220,"Santa Rosa-Petaluma, CA",CA,Pacific,2023,483405,2353,1020,1321,53,12,513
42220,"Santa Rosa-Petaluma, CA",CA,Pacific,2024,485363,1012,832,163,23,17,1853
42220,"Santa Rosa-Petaluma, CA",CA,Pacific,2025,486444,1690,790,892,47,8,988
42340,"Savannah, GA",GA,Southeast,2021,409736,3227,2752,441,26,34,3405
42340,"Savannah, GA",GA,Southeast,2022,419066,3192,2226,737,56,229,8093
42340,"Savannah, GA",GA,Southeast,2023,426660,3388,2620,752,47,16,6393
42340,"Savannah, GA",GA,Southeast,2024,434036,4037,2936,1087,50,14,6335
42340,"Savannah, GA",GA,Southeast,2025,438314,5371,3226,2063,73,82,3185
42540,"Scranton--Wilkes-Barre, PA",PA,Northeast,2021,568185,644,537,77,6,30,3518
42540,"Scranton--Wilkes-Barre, PA",PA,Northeast,2022,568380,608,524,46,8,38,3124
42540,"Scranton--Wilkes-Barre, PA",PA,Northeast,2023,570853,573,488,35,6,50,4506
42540,"Scranton--Wilkes-Barre, PA",PA,Northeast,2024,573173,596,518,16,3,62,4041
42540,"Scranton--Wilkes-Barre, PA",PA,Northeast,2025,574418,639,517,55,4,67,2883
42660,"Seattle-Tacoma-Bellevue, WA",WA,Pacific,2021,4017597,30743,8828,20321,359,1594,-25925
42660,"Seattle-Tacoma-Bellevue, WA",WA,Pacific,2022,4034138,26661,7029,17980,339,1652,5744
42660,"Seattle-Tacoma-Bellevue, WA",WA,Pacific,2023,4062857,17223,6296,9635,228,1292,16300
42660,"Seattle-Tacoma-Bellevue, WA",WA,Pacific,2024,4118815,17920,6489,10048,222,1383,42247
42660,"Seattle-Tacoma-Bellevue, WA",WA,Pacific,2025,4161883,15659,6136,8199,211,1324,28931
42680,"Sebastian-Vero Beach-West Vero Corridor, FL",FL,Southeast,2021,163928,1592,1569,0,0,23,5083
42680,"Sebastian-Vero Beach-West Vero Corridor, FL",FL,Southeast,2022,167650,1183,1141,0,0,42,5011
42680,"Sebastian-Vero Beach-West Vero Corridor, FL",FL,Southeast,2023,170319,1656,1215,380,8,61,3877
42680,"Sebastian-Vero Beach-West Vero Corridor, FL",FL,Southeast,2024,171560,557,279,276,8,2,2485
42680,"Sebastian-Vero Beach-West Vero Corridor, FL",FL,Southeast,2025,172799,252,178,72,2,2,2490
42700,"Sebring, FL",FL,Southeast,2021,103315,644,576,0,0,68,3422
42700,"Sebring, FL",FL,Southeast,2022,105981,663,641,0,0,22,3659
42700,"Sebring, FL",FL,Southeast,2023,108155,712,626,52,1,34,3088
42700,"Sebring, FL",FL,Southeast,2024,109892,980,846,80,5,54,2566
42700,"Sebring, FL",FL,Southeast,2025,111122,768,706,0,0,62,2061
43100,"Sheboygan, WI",WI,Midwest,2021,117681,268,166,80,1,22,-227
43100,"Sheboygan, WI",WI,Midwest,2022,117787,146,118,0,0,28,418
43100,"Sheboygan, WI",WI,Midwest,2023,117891,560,191,351,4,18,235
43100,"Sheboygan, WI",WI,Midwest,2024,118091,292,232,44,1,16,309
43100,"Sheboygan, WI",WI,Midwest,2025,118047,364,163,189,3,12,62
43300,"Sherman-Denison, TX",TX,Texas & South Central,2021,139642,1048,932,96,6,20,4003
43300,"Sherman-Denison, TX",TX,Texas & South Central,2022,143277,2220,1498,588,17,134,3670
43300,"Sherman-Denison, TX",TX,Texas & South Central,2023,147072,2447,1162,1259,58,26,3622
43300,"Sherman-Denison, TX",TX,Texas & South Central,2024,150865,2142,1368,750,41,24,3607
43300,"Sherman-Denison, TX",TX,Texas & South Central,2025,153613,1881,1175,696,33,10,2600
43340,"Shreveport-Bossier City, LA",LA,Texas & South Central,2021,389040,1136,1136,0,0,0,-2965
43340,"Shreveport-Bossier City, LA",LA,Texas & South Central,2022,385496,915,915,0,0,0,-3204
43340,"Shreveport-Bossier City, LA",LA,Texas & South Central,2023,384163,983,965,7,1,11,-1518
43340,"Shreveport-Bossier City, LA",LA,Texas & South Central,2024,383764,1118,1118,0,0,0,-524
43340,"Shreveport-Bossier City, LA",LA,Texas & South Central,2025,383474,1029,939,82,8,8,-425
43420,"Sierra Vista-Douglas, AZ",AZ,Mountain West,2021,126215,434,422,0,0,12,1203
43420,"Sierra Vista-Douglas, AZ",AZ,Mountain West,2022,125418,529,508,8,1,13,-178
43420,"Sierra Vista-Douglas, AZ",AZ,Mountain West,2023,124716,486,486,0,0,0,-402
43420,"Sierra Vista-Douglas, AZ",AZ,Mountain West,2024,125199,441,435,6,1,0,797
43420,"Sierra Vista-Douglas, AZ",AZ,Mountain West,2025,126332,463,433,14,2,16,1453
43580,"Sioux City, IA-NE-SD",IA,Midwest,2021,143948,457,326,84,2,47,-760
43580,"Sioux City, IA-NE-SD",IA,Midwest,2022,144018,449,282,129,9,38,-394
43580,"Sioux City, IA-NE-SD",IA,Midwest,2023,144978,365,220,104,4,41,306
43580,"Sioux City, IA-NE-SD",IA,Midwest,2024,145609,252,148,98,3,6,-47
43580,"Sioux City, IA-NE-SD",IA,Midwest,2025,145738,559,218,316,14,25,-624
43620,"Sioux Falls, SD-MN",SD,Midwest,2021,292008,3986,1893,1890,115,203,3445
43620,"Sioux Falls, SD-MN",SD,Midwest,2022,298797,5554,1626,3670,159,258,5025
43620,"Sioux Falls, SD-MN",SD,Midwest,2023,303678,3439,1155,2090,97,194,3475
43620,"Sioux Falls, SD-MN",SD,Midwest,2024,309220,2802,1270,1426,106,106,3932
43620,"Sioux Falls, SD-MN",SD,Midwest,2025,314638,2327,1225,1026,78,76,3813
43640,"Slidell-Mandeville-Covington, LA",LA,Texas & South Central,2024,277665,1066,1062,0,0,4,1764
43640,"Slidell-Mandeville-Covington, LA",LA,Texas & South Central,2025,279108,1096,1086,0,0,10,1352
43780,"South Bend-Mishawaka, IN-MI",IN,Midwest,2021,323774,492,489,0,0,3,-403
43780,"South Bend-Mishawaka, IN-MI",IN,Midwest,2022,323900,742,429,309,5,4,397
43780,"South Bend-Mishawaka, IN-MI",IN,Midwest,2023,324689,422,364,18,3,40,799
43780,"South Bend-Mishawaka, IN-MI",IN,Midwest,2024,324469,892,410,460,17,22,-257
43780,"South Bend-Mishawaka, IN-MI",IN,Midwest,2025,324538,751,517,191,3,43,10
43900,"Spartanburg, SC",SC,Southeast,2021,362509,3614,3394,220,13,0,6797
43900,"Spartanburg, SC",SC,Southeast,2022,373254,2596,2596,0,0,0,10696
43900,"Spartanburg, SC",SC,Southeast,2023,385705,2867,2824,41,3,2,11730
43900,"Spartanburg, SC",SC,Southeast,2024,396728,3230,3190,40,8,0,10487
43900,"Spartanburg, SC",SC,Southeast,2025,407656,4359,4075,276,7,8,10602
44060,"Spokane-Spokane Valley, WA",WA,Pacific,2021,593137,3415,1908,1211,64,296,4989
44060,"Spokane-Spokane Valley, WA",WA,Pacific,2022,597884,4022,2022,1796,87,204,5044
44060,"Spokane-Spokane Valley, WA",WA,Pacific,2023,601370,3903,1706,1911,78,286,3212
44060,"Spokane-Spokane Valley, WA",WA,Pacific,2024,604663,3961,1882,1864,72,215,2874
44060,"Spokane-Spokane Valley, WA",WA,Pacific,2025,608012,3172,1571,1425,58,176,2849
44100,"Springfield, IL",IL,Midwest,2021,208339,332,239,11,1,82,-189
44100,"Springfield, IL",IL,Midwest,2022,206295,210,146,42,5,22,-1809
44100,"Springfield, IL",IL,Midwest,2023,205971,246,163,53,5,30,-86
44100,"Springfield, IL",IL,Midwest,2024,205960,200,132,48,4,20,162
44100,"Springfield, IL",IL,Midwest,2025,206033,235,191,0,0,44,259
44140,"Springfield, MA",MA,Northeast,2021,462628,745,495,234,4,16,-889
44140,"Springfield, MA",MA,Northeast,2022,461294,740,431,275,25,34,-990
44140,"Springfield, MA",MA,Northeast,2023,462133,708,417,267,33,24,1183
44140,"Springfield, MA",MA,Northeast,2024,463418,443,289,106,2,48,1552
44140,"Springfield, MA",MA,Northeast,2025,464338,318,286,18,3,14,1012
44180,"Springfield, MO",MO,Midwest,2021,481799,2638,1685,897,31,56,5726
44180,"Springfield, MO",MO,Midwest,2022,487068,1706,1415,229,13,62,5637
44180,"Springfield, MO",MO,Midwest,2023,491446,2177,1580,426,17,171,4202
44180,"Springfield, MO",MO,Midwest,2024,496363,2228,1763,314,14,151,4456
44180,"Springfield, MO",MO,Midwest,2025,500694,1761,1407,256,4,98,4022
44220,"Springfield, OH",OH,Midwest,2021,135400,199,189,6,1,4,163
44220,"Springfield, OH",OH,Midwest,2022,134691,183,112,20,3,51,-18
44220,"Springfield, OH",OH,Midwest,2023,135342,215,107,40,1,68,947
44220,"Springfield, OH",OH,Midwest,2024,136170,232,102,116,17,14,1044
44220,"Springfield, OH",OH,Midwest,2025,135340,387,225,158,5,4,-627
44300,"State College, PA",PA,Northeast,2021,157972,654,264,363,4,27,-47
44300,"State College, PA",PA,Northeast,2022,157977,654,288,338,4,28,68
44300,"State College, PA",PA,Northeast,2023,158739,344,316,10,2,18,801
44300,"State College, PA",PA,Northeast,2024,158505,367,290,21,4,56,-260
44300,"State College, PA",PA,Northeast,2025,157393,314,255,15,3,44,-1119
44420,"Staunton-Stuarts Draft, VA",VA,Southeast,2021,126126,413,341,68,2,4,749
44420,"Staunton-Stuarts Draft, VA",VA,Southeast,2022,126603,442,379,57,2,6,1069
44420,"Staunton-Stuarts Draft, VA",VA,Southeast,2023,127308,605,415,181,7,9,1089
44420,"Staunton-Stuarts Draft, VA",VA,Southeast,2024,128599,818,481,322,8,15,1692
44420,"Staunton-Stuarts Draft, VA",VA,Southeast,2025,129692,995,517,470,15,8,1549
44700,"Stockton-Lodi, CA",CA,Pacific,2021,788040,4389,3718,667,38,4,4823
44700,"Stockton-Lodi, CA",CA,Pacific,2022,795443,3485,3205,256,14,24,4771
44700,"Stockton-Lodi, CA",CA,Pacific,2023,806055,2170,2167,0,0,3,7154
44700,"Stockton-Lodi, CA",CA,Pacific,2024,817149,3779,3773,0,0,6,7769
44700,"Stockton-Lodi, CA",CA,Pacific,2025,823815,2522,2520,0,0,2,3176
44940,"Sumter, SC",SC,Southeast,2021,104703,472,468,0,0,4,-625
44940,"Sumter, SC",SC,Southeast,2022,103890,502,402,36,1,64,-700
44940,"Sumter, SC",SC,Southeast,2023,104396,473,435,0,0,38,449
44940,"Sumter, SC",SC,Southeast,2024,104788,386,344,0,0,42,381
44940,"Sumter, SC",SC,Southeast,2025,105067,358,320,0,0,38,256
45060,"Syracuse, NY",NY,Northeast,2021,657291,693,537,143,7,13,-3050
45060,"Syracuse, NY",NY,Northeast,2022,655119,532,466,44,1,22,-1011
45060,"Syracuse, NY",NY,Northeast,2023,653705,643,509,127,5,7,-886
45060,"Syracuse, NY",NY,Northeast,2024,653548,936,554,346,8,36,319
45060,"Syracuse, NY",NY,Northeast,2025,652273,2041,617,1363,25,61,-895
45220,"Tallahassee, FL",FL,Southeast,2021,388437,2905,1592,1293,46,20,2560
45220,"Tallahassee, FL",FL,Southeast,2022,391618,3059,1396,1645,61,18,3496
45220,"Tallahassee, FL",FL,Southeast,2023,394551,2690,1433,1237,38,20,2610
45220,"Tallahassee, FL",FL,Southeast,2024,396048,2406,1373,1011,34,22,1272
45220,"Tallahassee, FL",FL,Southeast,2025,397442,2742,1234,1458,44,50,1104
45300,"Tampa-St. Petersburg-Clearwater, FL",FL,Southeast,2021,3230962,24831,19305,5434,185,92,51544
45300,"Tampa-St. Petersburg-Clearwater, FL",FL,Southeast,2022,3307164,29968,15678,13292,744,998,81654
45300,"Tampa-St. Petersburg-Clearwater, FL",FL,Southeast,2023,3370351,25386,14852,9971,473,563,66482
45300,"Tampa-St. Petersburg-Clearwater, FL",FL,Southeast,2024,3405357,20950,13205,7545,303,200,38860
45300,"Tampa-St. Petersburg-Clearwater, FL",FL,Southeast,2025,3418895,22747,13596,8771,149,380,16874
45460,"Terre Haute, IN",IN,Midwest,2021,168669,170,110,38,3,22,155
45460,"Terre Haute, IN",IN,Midwest,2022,168405,216,118,54,9,44,428
45460,"Terre Haute, IN",IN,Midwest,2023,168539,140,126,0,0,14,492
45460,"Terre Haute, IN",IN,Midwest,2024,168774,193,193,0,0,0,580
45460,"Terre Haute, IN",IN,Midwest,2025,169241,295,109,184,3,2,813
45500,"Texarkana, TX-AR",TX,Texas & South Central,2021,146662,259,259,0,0,0,-397
45500,"Texarkana, TX-AR",TX,Texas & South Central,2022,145941,161,130,5,1,26,-145
45500,"Texarkana, TX-AR",TX,Texas & South Central,2023,145972,247,94,30,5,123,349
45500,"Texarkana, TX-AR",TX,Texas & South Central,2024,146735,156,77,5,1,74,1025
45500,"Texarkana, TX-AR",TX,Texas & South Central,2025,146816,294,156,104,13,34,394
45780,"Toledo, OH",OH,Midwest,2021,601901,1210,882,278,13,50,-3260
45780,"Toledo, OH",OH,Midwest,2022,600271,1119,653,436,17,30,-661
45780,"Toledo, OH",OH,Midwest,2023,599751,1339,789,442,22,108,-269
45780,"Toledo, OH",OH,Midwest,2024,599402,928,630,170,7,128,-165
45780,"Toledo, OH",OH,Midwest,2025,599376,493,423,60,2,10,62
45820,"Topeka, KS",KS,Midwest,2021,232884,717,417,289,5,11,267
45820,"Topeka, KS",KS,Midwest,2022,231866,429,413,0,0,16,-385
45820,"Topeka, KS",KS,Midwest,2023,232355,353,303,0,0,50,753
45820,"Topeka, KS",KS,Midwest,2024,232778,382,317,25,1,40,666
45820,"Topeka, KS",KS,Midwest,2025,233052,635,333,250,3,52,458
45900,"Traverse City, MI",MI,Midwest,2024,156445,1232,702,501,19,29,740
45900,"Traverse City, MI",MI,Midwest,2025,156972,808,786,6,1,16,1018
45940,"Trenton-Princeton, NJ",NJ,Northeast,2021,382139,544,278,264,29,2,-4606
45940,"Trenton-Princeton, NJ",NJ,Northeast,2022,387024,643,165,471,46,7,4376
45940,"Trenton-Princeton, NJ",NJ,Northeast,2023,391369,969,402,559,36,8,3250
45940,"Trenton-Princeton, NJ",NJ,Northeast,2024,397329,2026,827,1183,45,16,4882
45940,"Trenton-Princeton, NJ",NJ,Northeast,2025,399289,1164,805,340,22,19,849
46060,"Tucson, AZ",AZ,Mountain West,2021,1049271,6284,5116,1118,70,50,6442
46060,"Tucson, AZ",AZ,Mountain West,2022,1058224,5714,3735,1905,106,74,11283
46060,"Tucson, AZ",AZ,Mountain West,2023,1065239,5255,3688,1419,110,148,8550
46060,"Tucson, AZ",AZ,Mountain West,2024,1073456,5250,4150,996,71,104,9681
46060,"Tucson, AZ",AZ,Mountain West,2025,1074685,4658,3592,1018,59,48,2889
46140,"Tulsa, OK",OK,Texas & South Central,2021,1026070,4920,4354,446,38,120,7848
46140,"Tulsa, OK",OK,Texas & South Central,2022,1036172,5123,3843,1214,40,66,10766
46140,"Tulsa, OK",OK,Texas & South Central,2023,1048254,5009,3393,1477,51,139,10749
46140,"Tulsa, OK",OK,Texas & South Central,2024,1061080,4311,3602,601,23,108,11818
46140,"Tulsa, OK",OK,Texas & South Central,2025,1069273,5154,3740,1292,83,122,7330
46220,"Tuscaloosa, AL",AL,Southeast,2021,277689,1496,771,604,15,121,3952
46220,"Tuscaloosa, AL",AL,Southeast,2022,278608,1043,714,271,7,58,1043
46220,"Tuscaloosa, AL",AL,Southeast,2023,279756,695,575,61,4,59,803
46220,"Tuscaloosa, AL",AL,Southeast,2024,281631,649,528,69,9,52,1445
46220,"Tuscaloosa, AL",AL,Southeast,2025,281850,616,501,64,11,51,-238
46300,"Twin Falls, ID",ID,Mountain West,2021,117123,1068,894,68,2,106,2293
46300,"Twin Falls, ID",ID,Mountain West,2022,119158,605,483,100,7,22,1917
46300,"Twin Falls, ID",ID,Mountain West,2023,121190,455,384,9,1,62,1629
46300,"Twin Falls, ID",ID,Mountain West,2024,122755,733,637,12,2,84,1200
46300,"Twin Falls, ID",ID,Mountain West,2025,123901,670,644,6,1,20,732
46340,"Tyler, TX",TX,Texas & South Central,2021,237339,912,741,41,6,130,3167
46340,"Tyler, TX",TX,Texas & South Central,2022,242225,830,701,35,5,94,4593
46340,"Tyler, TX",TX,Texas & South Central,2023,245945,753,468,13,2,272,3051
46340,"Tyler, TX",TX,Texas & South Central,2024,249529,608,464,45,8,99,3018
46340,"Tyler, TX",TX,Texas & South Central,2025,252549,543,517,10,2,16,2491
46520,"Urban Honolulu, HI",HI,Pacific,2021,1004238,1438,938,446,11,54,-10798
46520,"Urban Honolulu, HI",HI,Pacific,2022,993798,2526,662,1714,44,150,-12617
46520,"Urban Honolulu, HI",HI,Pacific,2023,989698,1851,657,1041,22,153,-6059
46520,"Urban Honolulu, HI",HI,Pacific,2024,990142,1638,706,793,20,139,-1245
46520,"Urban Honolulu, HI",HI,Pacific,2025,988703,1446,607,717,26,122,-3251
46540,"Utica-Rome, NY",NY,Northeast,2021,289265,456,160,286,3,10,-1433
46540,"Utica-Rome, NY",NY,Northeast,2022,287932,324,244,76,12,4,-280
46540,"Utica-Rome, NY",NY,Northeast,2023,287106,252,194,58,11,0,-146
46540,"Utica-Rome, NY",NY,Northeast,2024,286660,271,175,94,14,2,211
46540,"Utica-Rome, NY",NY,Northeast,2025,285611,308,219,89,15,0,-415
46660,"Valdosta, GA",GA,Southeast,2021,148928,1535,1389,130,1,16,178
46660,"Valdosta, GA",GA,Southeast,2022,149614,1302,1280,0,0,22,518
46660,"Valdosta, GA",GA,Southeast,2023,151175,962,883,73,7,6,1143
46660,"Valdosta, GA",GA,Southeast,2024,152750,972,966,0,0,6,1156
46660,"Valdosta, GA",GA,Southeast,2025,153276,905,901,0,0,4,94
46700,"Vallejo, CA",CA,Pacific,2021,451048,1378,1141,235,24,2,-3019
46700,"Vallejo, CA",CA,Pacific,2022,449852,1154,948,206,7,0,-2058
46700,"Vallejo, CA",CA,Pacific,2023,451377,1414,938,476,30,0,763
46700,"Vallejo, CA",CA,Pacific,2024,455076,1455,1271,180,9,4,3026
46700,"Vallejo, CA",CA,Pacific,2025,455376,881,750,120,3,11,-474
47020,"Victoria, TX",TX,Texas & South Central,2021,98044,391,223,168,8,0,-333
47020,"Victoria, TX",TX,Texas & South Central,2022,98285,204,204,0,0,0,150
47020,"Victoria, TX",TX,Texas & South Central,2023,98927,90,62,0,0,28,426
47020,"Victoria, TX",TX,Texas & South Central,2024,99391,43,33,0,0,10,179
47020,"Victoria, TX",TX,Texas & South Central,2025,99864,186,43,143,3,0,169
47220,"Vineland, NJ",NJ,Northeast,2021,152124,185,122,63,1,0,-1460
47220,"Vineland, NJ",NJ,Northeast,2022,152025,120,115,5,1,0,10
47220,"Vineland, NJ",NJ,Northeast,2023,154497,103,103,0,0,0,2399
47220,"Vineland, NJ",NJ,Northeast,2024,156407,253,120,129,10,4,1767
47220,"Vineland, NJ",NJ,Northeast,2025,157148,143,143,0,0,0,535
47260,"Virginia Beach-Chesapeake-Norfolk, VA-NC",VA,Southeast,2021,1786134,7377,4712,2550,60,115,1114
47260,"Virginia Beach-Chesapeake-Norfolk, VA-NC",VA,Southeast,2022,1785777,6313,3680,2584,103,49,-2753
47260,"Virginia Beach-Chesapeake-Norfolk, VA-NC",VA,Southeast,2023,1789325,6114,3393,2674,60,47,81
47260,"Virginia Beach-Chesapeake-Norfolk, VA-NC",VA,Southeast,2024,1793439,4406,3544,792,24,70,1335
47260,"Virginia Beach-Chesapeake-Norfolk, VA-NC",VA,Southeast,2025,1797213,3953,3223,657,19,73,1245
47300,"Visalia, CA",CA,Pacific,2021,476987,1510,1300,156,8,54,238
47300,"Visalia, CA",CA,Pacific,2022,478037,2385,1420,919,87,46,-1423
47300,"Visalia, CA",CA,Pacific,2023,480816,1165,1035,69,8,61,-428
47300,"Visalia, CA",CA,Pacific,2024,483851,1447,1112,307,11,28,-101
47300,"Visalia, CA",CA,Pacific,2025,485146,1790,1567,130,10,93,-1956
47380,"Waco, TX",TX,Texas & South Central,2021,299398,1107,983,49,3,75,2877
47380,"Waco, TX",TX,Texas & South Central,2022,301761,1393,954,379,25,60,2189
47380,"Waco, TX",TX,Texas & South Central,2023,305076,1759,744,847,84,168,2623
47380,"Waco, TX",TX,Texas & South Central,2024,307067,1065,761,200,19,104,1207
47380,"Waco, TX",TX,Texas & South Central,2025,308807,1460,786,568,29,106,917
47460,"Walla Walla, WA",WA,Pacific,2021,62228,261,137,112,6,12,-337
47460,"Walla Walla, WA",WA,Pacific,2022,62022,170,114,0,0,56,67
47460,"Walla Walla, WA",WA,Pacific,2023,61745,275,177,64,6,34,-116
47460,"Walla Walla, WA",WA,Pacific,2024,62109,205,143,50,5,12,499
47460,"Walla Walla, WA",WA,Pacific,2025,62361,163,161,0,0,2,393
47580,"Warner Robins, GA",GA,Southeast,2021,195507,1534,1390,82,6,62,2853
47580,"Warner Robins, GA",GA,Southeast,2022,198269,2495,1445,1050,36,0,2596
47580,"Warner Robins, GA",GA,Southeast,2023,200730,1845,1167,676,20,2,1933
47580,"Warner Robins, GA",GA,Southeast,2024,204415,1675,1296,330,3,49,3150
47580,"Warner Robins, GA",GA,Southeast,2025,208091,1357,1271,84,2,2,3151
47900,"Washington-Arlington-Alexandria, DC-VA-MD-WV",DC,Southeast,2021,6259621,27414,13729,13590,273,95,-30010
47900,"Washington-Arlington-Alexandria, DC-VA-MD-WV",DC,Southeast,2022,6280312,35906,12013,23799,737,94,-10445
47900,"Washington-Arlington-Alexandria, DC-VA-MD-WV",DC,Southeast,2023,6328730,23493,10936,12419,223,138,17347
47900,"Washington-Arlington-Alexandria, DC-VA-MD-WV",DC,Southeast,2024,6415518,21487,11743,9606,198,138,56712
47900,"Washington-Arlington-Alexandria, DC-VA-MD-WV",DC,Southeast,2025,6465724,17990,10168,7392,131,430,21013
47930,"Waterbury-Shelton, CT",CT,Northeast,2024,461480,317,264,21,2,32,4123
47930,"Waterbury-Shelton, CT",CT,Northeast,2025,463349,513,288,206,8,19,1707
47940,"Waterloo-Cedar Falls, IA",IA,Midwest,2021,168070,205,203,0,0,2,-402
47940,"Waterloo-Cedar Falls, IA",IA,Midwest,2022,167591,264,187,43,5,34,-520
47940,"Waterloo-Cedar Falls, IA",IA,Midwest,2023,168532,481,235,222,9,24,825
47940,"Waterloo-Cedar Falls, IA",IA,Midwest,2024,169208,337,211,67,7,59,534
47940,"Waterloo-Cedar Falls, IA",IA,Midwest,2025,169189,554,221,283,7,50,-196
48060,"Watertown-Fort Drum, NY",NY,Northeast,2021,117019,161,161,0,0,0,99
48060,"Watertown-Fort Drum, NY",NY,Northeast,2022,115493,179,176,0,0,3,-2318
48060,"Watertown-Fort Drum, NY",NY,Northeast,2023,113280,194,194,0,0,0,-2849
48060,"Watertown-Fort Drum, NY",NY,Northeast,2024,112795,191,191,0,0,0,-1025
48060,"Watertown-Fort Drum, NY",NY,Northeast,2025,111540,288,226,62,1,0,-1782
48140,"Wausau, WI",WI,Midwest,2021,137832,680,387,273,7,20,-377
48140,"Wausau, WI",WI,Midwest,2022,138207,487,351,124,5,12,569
48140,"Wausau, WI",WI,Midwest,2023,138768,570,328,205,5,37,639
48140,"Wausau, WI",WI,Midwest,2024,139094,408,216,192,10,0,254
48140,"Wausau, WI",WI,Midwest,2025,139432,348,236,98,5,14,267
48260,"Weirton-Steubenville, WV-OH",WV,Southeast,2021,115750,34,34,0,0,0,144
48260,"Weirton-Steubenville, WV-OH",WV,Southeast,2022,114140,33,33,0,0,0,-440
48260,"Weirton-Steubenville, WV-OH",WV,Southeast,2023,113680,16,14,0,0,2,318
48260,"Weirton-Steubenville, WV-OH",WV,Southeast,2024,113139,18,18,0,0,0,286
48260,"Weirton-Steubenville, WV-OH",WV,Southeast,2025,112468,17,17,0,0,0,170
48300,"Wenatchee-East Wenatchee, WA",WA,Pacific,2021,123706,1000,803,159,13,38,1228
48300,"Wenatchee-East Wenatchee, WA",WA,Pacific,2022,124127,861,570,245,7,46,488
48300,"Wenatchee-East Wenatchee, WA",WA,Pacific,2023,125184,586,505,66,8,15,1071
48300,"Wenatchee-East Wenatchee, WA",WA,Pacific,2024,126899,992,558,377,12,57,1601
48300,"Wenatchee-East Wenatchee, WA",WA,Pacific,2025,128414,1086,530,521,15,35,1396
48540,"Wheeling, WV-OH",WV,Southeast,2021,137919,96,6,84,2,6,-213
48540,"Wheeling, WV-OH",WV,Southeast,2022,136572,18,14,0,0,4,-170
48540,"Wheeling, WV-OH",WV,Southeast,2023,135690,11,9,0,0,2,-125
48540,"Wheeling, WV-OH",WV,Southeast,2024,135017,9,7,0,0,2,179
48540,"Wheeling, WV-OH",WV,Southeast,2025,134089,5,5,0,0,0,-34
48620,"Wichita, KS",KS,Midwest,2021,648758,2384,1618,0,0,766,-489
48620,"Wichita, KS",KS,Midwest,2022,649765,2850,1586,396,15,868,1095
48620,"Wichita, KS",KS,Midwest,2023,654057,3533,1470,731,33,1332,3267
48620,"Wichita, KS",KS,Midwest,2024,659504,3039,1479,277,7,1283,4039
48620,"Wichita, KS",KS,Midwest,2025,663809,3111,1463,134,7,1514,2774
48660,"Wichita Falls, TX",TX,Texas & South Central,2021,149133,191,189,0,0,2,907
48660,"Wichita Falls, TX",TX,Texas & South Central,2022,149458,378,162,216,9,0,747
48660,"Wichita Falls, TX",TX,Texas & South Central,2023,149635,274,207,52,2,15,277
48660,"Wichita Falls, TX",TX,Texas & South Central,2024,149400,239,207,8,1,24,-121
48660,"Wichita Falls, TX",TX,Texas & South Central,2025,149448,160,133,8,1,19,129
48680,"Wildwood-The Villages, FL",FL,Southeast,2024,154261,3961,3537,248,10,176,4411
48680,"Wildwood-The Villages, FL",FL,Southeast,2025,157772,3516,3105,225,9,186,5649
48700,"Williamsport, PA",PA,Northeast,2021,113579,56,54,0,0,2,-172
48700,"Williamsport, PA",PA,Northeast,2022,113195,113,70,43,1,0,142
48700,"Williamsport, PA",PA,Northeast,2023,113192,57,57,0,0,0,320
48700,"Williamsport, PA",PA,Northeast,2024,112918,65,63,0,0,2,49
48700,"Williamsport, PA",PA,Northeast,2025,112587,69,67,0,0,2,-33
48900,"Wilmington, NC",NC,Southeast,2021,437860,4418,2671,1561,45,186,14817
48900,"Wilmington, NC",NC,Southeast,2022,454222,4421,2489,1776,55,156,16616
48900,"Wilmington, NC",NC,Southeast,2023,467617,3965,2228,1535,40,202,13890
48900,"Wilmington, NC",NC,Southeast,2024,480374,9618,7263,2175,68,180,13450
48900,"Wilmington, NC",NC,Southeast,2025,492772,7622,6378,1126,47,118,13305
49020,"Winchester, VA-WV",VA,Southeast,2021,145441,1022,813,194,7,15,2666
49020,"Winchester, VA-WV",VA,Southeast,2022,146283,1041,741,300,17,0,1037
49020,"Winchester, VA-WV",VA,Southeast,2023,147712,1006,1002,0,0,4,1381
49020,"Winchester, VA-WV",VA,Southeast,2024,150030,1083,1031,52,2,0,2214
49020,"Winchester, VA-WV",VA,Southeast,2025,152332,904,900,0,0,4,2214
49180,"Winston-Salem, NC",NC,Southeast,2021,681982,4206,3887,317,23,2,6494
49180,"Winston-Salem, NC",NC,Southeast,2022,688548,5480,3983,1490,53,7,7813
49180,"Winston-Salem, NC",NC,Southeast,2023,696653,5074,3567,1494,60,13,8696
49180,"Winston-Salem, NC",NC,Southeast,2024,705337,5456,4010,1329,95,117,9371
49180,"Winston-Salem, NC",NC,Southeast,2025,712206,4699,4342,336,27,21,7423
49340,"Worcester, MA",MA,Northeast,2021,862157,2053,1177,760,11,116,3741
49340,"Worcester, MA",MA,Northeast,2022,866439,2252,1172,976,24,104,4090
49340,"Worcester, MA",MA,Northeast,2023,874225,1349,919,303,13,127,7104
49340,"Worcester, MA",MA,Northeast,2024,883722,2506,964,1434,32,108,8444
49340,"Worcester, MA",MA,Northeast,2025,888502,1690,776,807,23,107,3275
49420,"Yakima, WA",WA,Pacific,2021,256767,1103,631,351,29,121,-1065
49420,"Yakima, WA",WA,Pacific,2022,256550,706,426,159,8,121,-953
49420,"Yakima, WA",WA,Pacific,2023,257314,650,453,58,2,139,-147
49420,"Yakima, WA",WA,Pacific,2024,258971,515,418,23,3,74,766
49420,"Yakima, WA",WA,Pacific,2025,259185,713,602,80,2,31,-709
49620,"York-Hanover, PA",PA,Northeast,2021,459306,1316,1164,150,1,2,2737
49620,"York-Hanover, PA",PA,Northeast,2022,461464,1362,1062,292,9,8,2793
49620,"York-Hanover, PA",PA,Northeast,2023,466068,1167,983,146,17,38,4567
49620,"York-Hanover, PA",PA,Northeast,2024,469986,1335,952,338,24,45,3830
49620,"York-Hanover, PA",PA,Northeast,2025,473197,1589,1025,554,15,10,3060
49660,"Youngstown-Warren, OH",OH,Midwest,2021,427663,400,373,0,0,27,235
49660,"Youngstown-Warren, OH",OH,Midwest,2022,426251,364,347,12,1,5,1506
49660,"Youngstown-Warren, OH",OH,Midwest,2023,425541,290,282,0,0,8,1296
49660,"Youngstown-Warren, OH",OH,Midwest,2024,424591,274,265,0,0,9,998
49660,"Youngstown-Warren, OH",OH,Midwest,2025,423678,286,276,0,0,10,971
49700,"Yuba City, CA",CA,Pacific,2021,182304,981,725,252,20,4,139
49700,"Yuba City, CA",CA,Pacific,2022,183012,738,592,118,12,28,38
49700,"Yuba City, CA",CA,Pacific,2023,184402,609,589,0,0,20,611
49700,"Yuba City, CA",CA,Pacific,2024,186374,873,809,46,3,18,1270
49700,"Yuba City, CA",CA,Pacific,2025,187478,821,589,211,7,21,430
49740,"Yuma, AZ",AZ,Mountain West,2021,207654,1291,1096,190,20,5,1536
49740,"Yuma, AZ",AZ,Mountain West,2022,209117,852,728,98,7,26,593
49740,"Yuma, AZ",AZ,Mountain West,2023,214228,873,761,88,6,24,4034
49740,"Yuma, AZ",AZ,Mountain West,2024,221388,1401,1183,180,11,38,6146
49740,"Yuma, AZ",AZ,Mountain West,2025,224449,1155,806,308,22,41,2037
